{
	"credit": "Made with Blockbench",
	"texture_size": [128, 128],
	"textures": {
		"1": "factory:item/belt-straight"
	},
	"elements": [
		{
			"from": [0, 0, 1],
			"to": [16, 5, 15],
			"faces": {
				"north": {"uv": [1.75, 4.25, 3.75, 4.875], "texture": "#1"},
				"east": {"uv": [0, 4.25, 1.75, 4.875], "texture": "#1"},
				"south": {"uv": [5.5, 4.25, 7.5, 4.875], "texture": "#1"},
				"west": {"uv": [3.75, 4.25, 5.5, 4.875], "texture": "#1"},
				"up": {"uv": [3.75, 4.25, 1.75, 2.5], "texture": "#1"},
				"down": {"uv": [5.75, 2.5, 3.75, 4.25], "texture": "#1"}
			}
		},
		{
			"from": [0, 5, 0],
			"to": [16, 8, 16],
			"rotation": {"angle": 0, "axis": "y", "origin": [0, 7, 0]},
			"faces": {
				"north": {"uv": [2, 2, 4, 2.375], "texture": "#1"},
				"east": {"uv": [0, 2, 2, 2.375], "texture": "#1"},
				"south": {"uv": [6, 2, 8, 2.375], "texture": "#1"},
				"west": {"uv": [4, 2, 6, 2.375], "texture": "#1"},
				"up": {"uv": [4, 2, 2, 0], "texture": "#1"},
				"down": {"uv": [6, 0, 4, 2], "texture": "#1"}
			}
		},
		{
			"from": [0, 8, 0],
			"to": [16, 10, 2],
			"rotation": {"angle": 0, "axis": "y", "origin": [0, 8, 0]},
			"faces": {
				"north": {"uv": [0.25, 5.25, 2.25, 5.5], "texture": "#1"},
				"east": {"uv": [0, 5.25, 0.25, 5.5], "texture": "#1"},
				"south": {"uv": [2.5, 5.25, 4.5, 5.5], "texture": "#1"},
				"west": {"uv": [2.25, 5.25, 2.5, 5.5], "texture": "#1"},
				"up": {"uv": [2.25, 5.25, 0.25, 5], "texture": "#1"},
				"down": {"uv": [4.25, 5, 2.25, 5.25], "texture": "#1"}
			}
		},
		{
			"from": [0, 8, 14],
			"to": [16, 10, 16],
			"rotation": {"angle": 0, "axis": "y", "origin": [0, 8, 14]},
			"faces": {
				"north": {"uv": [4.875, 5.25, 6.875, 5.5], "texture": "#1"},
				"east": {"uv": [4.625, 5.25, 4.875, 5.5], "texture": "#1"},
				"south": {"uv": [7.125, 5.25, 9.125, 5.5], "texture": "#1"},
				"west": {"uv": [6.875, 5.25, 7.125, 5.5], "texture": "#1"},
				"up": {"uv": [6.875, 5.25, 4.875, 5], "texture": "#1"},
				"down": {"uv": [8.875, 5, 6.875, 5.25], "texture": "#1"}
			}
		}
	],
	"groups": [
		{
			"name": "group",
			"origin": [0, 4, 14],
			"color": 0,
			"children": [0, 1, 2, 3]
		}
	]
}