{
	"credit": "Made with Blockbench",
	"texture_size": [128, 128],
	"textures": {
		"1": "factory:item/belt-straight"
	},
	"elements": [
		{
			"from": [0, 0, 0],
			"to": [16, 5, 16],
			"faces": {
				"north": {"uv": [2, 4.5, 4, 5.125], "texture": "#1"},
				"east": {"uv": [0, 4.5, 2, 5.125], "texture": "#1"},
				"south": {"uv": [6, 4.5, 8, 5.125], "texture": "#1"},
				"west": {"uv": [4, 4.5, 6, 5.125], "texture": "#1"},
				"up": {"uv": [4, 4.5, 2, 2.5], "texture": "#1"},
				"down": {"uv": [6, 2.5, 4, 4.5], "texture": "#1"}
			}
		},
		{
			"from": [0, 5, -2],
			"to": [16, 8, 18],
			"rotation": {"angle": 0, "axis": "y", "origin": [0, 7, 0]},
			"faces": {
				"north": {"uv": [2.5, 2.5, 4.5, 2.875], "texture": "#1"},
				"east": {"uv": [0, 2.5, 2.5, 2.875], "texture": "#1"},
				"south": {"uv": [7, 2.5, 9, 2.875], "texture": "#1"},
				"west": {"uv": [4.5, 2.5, 7, 2.875], "texture": "#1"},
				"up": {"uv": [4.5, 2.5, 2.5, 0], "texture": "#1"},
				"down": {"uv": [6.5, 0, 4.5, 2.5], "texture": "#1"}
			}
		},
		{
			"from": [0, 8, -2],
			"to": [16, 10, 0],
			"rotation": {"angle": 0, "axis": "y", "origin": [0, 8, -2]},
			"faces": {
				"north": {"uv": [0.25, 5.25, 2.25, 5.5], "texture": "#1"},
				"east": {"uv": [0, 5.25, 0.25, 5.5], "texture": "#1"},
				"south": {"uv": [2.5, 5.25, 4.5, 5.5], "texture": "#1"},
				"west": {"uv": [2.25, 5.25, 2.5, 5.5], "texture": "#1"},
				"up": {"uv": [2.25, 5.25, 0.25, 5], "texture": "#1"},
				"down": {"uv": [4.25, 5, 2.25, 5.25], "texture": "#1"}
			}
		},
		{
			"from": [0, 8, 16],
			"to": [16, 10, 18],
			"rotation": {"angle": 0, "axis": "y", "origin": [0, 8, 16]},
			"faces": {
				"north": {"uv": [4.875, 5.25, 6.875, 5.5], "texture": "#1"},
				"east": {"uv": [4.625, 5.25, 4.875, 5.5], "texture": "#1"},
				"south": {"uv": [7.125, 5.25, 9.125, 5.5], "texture": "#1"},
				"west": {"uv": [6.875, 5.25, 7.125, 5.5], "texture": "#1"},
				"up": {"uv": [6.875, 5.25, 4.875, 5], "texture": "#1"},
				"down": {"uv": [8.875, 5, 6.875, 5.25], "texture": "#1"}
			}
		}
	],
	"display": {
		"thirdperson_righthand": {
			"rotation": [0, -90, -35],
			"scale": [0.5, 0.5, 0.5]
		},
		"thirdperson_lefthand": {
			"rotation": [0, 90, 35],
			"scale": [0.5, 0.5, 0.5]
		},
		"firstperson_righthand": {
			"rotation": [20, -66, 1],
			"translation": [-0.5, 2.25, -0.25],
			"scale": [0.5, 0.5, 0.5]
		},
		"ground": {
			"scale": [0.5, 0.5, 0.5]
		},
		"gui": {
			"rotation": [0, -62, -30],
			"translation": [0, 1, 0],
			"scale": [0.7, 0.7, 0.7]
		},
		"head": {
			"rotation": [0, -90, 0],
			"translation": [0, 14.5, 0]
		},
		"fixed": {
			"rotation": [-90, 90, 0],
			"translation": [0, 0, -7.75]
		}
	},
	"groups": [
		{
			"name": "group",
			"origin": [0, 4, 14],
			"color": 0,
			"children": [0, 1, 2, 3]
		}
	]
}