{
	"credit": "Made with Blockbench",
	"texture_size": [128, 128],
	"textures": {
		"0": "factory:item/belt-right",
		"particle": "factory:item/belt-right"
	},
	"elements": [
		{
			"from": [2, 0, 1],
			"to": [16, 5, 15],
			"faces": {
				"north": {"uv": [1.75, 4.25, 3.5, 4.875], "texture": "#0"},
				"east": {"uv": [0, 4.25, 1.75, 4.875], "texture": "#0"},
				"south": {"uv": [5.25, 4.25, 7, 4.875], "texture": "#0"},
				"west": {"uv": [3.5, 4.25, 5.25, 4.875], "texture": "#0"},
				"up": {"uv": [3.5, 4.25, 1.75, 2.5], "texture": "#0"},
				"down": {"uv": [5.25, 2.5, 3.5, 4.25], "texture": "#0"}
			}
		},
		{
			"from": [2, 0, 15],
			"to": [15, 5, 16],
			"rotation": {"angle": 0, "axis": "y", "origin": [0, 0, 14]},
			"faces": {
				"north": {"uv": [4.25, 5.75, 5.875, 6.375], "texture": "#0"},
				"east": {"uv": [4.125, 5.75, 4.25, 6.375], "texture": "#0"},
				"south": {"uv": [6, 5.75, 7.625, 6.375], "texture": "#0"},
				"west": {"uv": [5.875, 5.75, 6, 6.375], "texture": "#0"},
				"up": {"uv": [5.875, 5.75, 4.25, 5.625], "texture": "#0"},
				"down": {"uv": [7.5, 5.625, 5.875, 5.75], "texture": "#0"}
			}
		},
		{
			"from": [0, 5, 0],
			"to": [16, 8, 16],
			"rotation": {"angle": 0, "axis": "y", "origin": [0, 7, 0]},
			"faces": {
				"north": {"uv": [2, 2, 4, 2.375], "texture": "#0"},
				"east": {"uv": [0, 2, 2, 2.375], "texture": "#0"},
				"south": {"uv": [6, 2, 8, 2.375], "texture": "#0"},
				"west": {"uv": [4, 2, 6, 2.375], "texture": "#0"},
				"up": {"uv": [4, 2, 2, 0], "texture": "#0"},
				"down": {"uv": [6, 0, 4, 2], "texture": "#0"}
			}
		},
		{
			"from": [0, 8, 0],
			"to": [16, 10, 2],
			"rotation": {"angle": 0, "axis": "y", "origin": [0, 8, 0]},
			"faces": {
				"north": {"uv": [4.375, 5.25, 6.375, 5.5], "texture": "#0"},
				"east": {"uv": [4.125, 5.25, 4.375, 5.5], "texture": "#0"},
				"south": {"uv": [6.625, 5.25, 8.625, 5.5], "texture": "#0"},
				"west": {"uv": [6.375, 5.25, 6.625, 5.5], "texture": "#0"},
				"up": {"uv": [6.375, 5.25, 4.375, 5], "texture": "#0"},
				"down": {"uv": [8.375, 5, 6.375, 5.25], "texture": "#0"}
			}
		},
		{
			"from": [0, 8, 2],
			"to": [2, 10, 16],
			"rotation": {"angle": 0, "axis": "y", "origin": [2, 8, 2]},
			"faces": {
				"north": {"uv": [1.75, 6.75, 2, 7], "texture": "#0"},
				"east": {"uv": [0, 6.75, 1.75, 7], "texture": "#0"},
				"south": {"uv": [3.75, 6.75, 4, 7], "texture": "#0"},
				"west": {"uv": [2, 6.75, 3.75, 7], "texture": "#0"},
				"up": {"uv": [2, 6.75, 1.75, 5], "rotation": 90, "texture": "#0"},
				"down": {"uv": [2.25, 5, 2, 6.75], "rotation": 270, "texture": "#0"}
			}
		},
		{
			"from": [14, 8, 14],
			"to": [16, 10, 16],
			"rotation": {"angle": 0, "axis": "y", "origin": [0, 8, 14]},
			"faces": {
				"north": {"uv": [4.375, 6.75, 4.625, 7], "texture": "#0"},
				"east": {"uv": [4.125, 6.75, 4.375, 7], "texture": "#0"},
				"south": {"uv": [4.875, 6.75, 5.125, 7], "texture": "#0"},
				"west": {"uv": [4.625, 6.75, 4.875, 7], "texture": "#0"},
				"up": {"uv": [4.625, 6.75, 4.375, 6.5], "texture": "#0"},
				"down": {"uv": [4.875, 6.5, 4.625, 6.75], "texture": "#0"}
			}
		}
	],
	"groups": [
		{
			"name": "group",
			"origin": [0, 4, 14],
			"color": 0,
			"children": [0, 1, 2, 3, 4, 5]
		}
	]
}