{
	"credit": "Made with Blockbench",
	"texture_size": [128, 128],
	"textures": {
		"0": "factory:item/belt-right",
		"particle": "factory:item/belt-right"
	},
	"elements": [
		{
			"from": [0, 8, -1],
			"to": [16, 13, 16],
			"rotation": {"angle": 0, "axis": "y", "origin": [0, 8, 0]},
			"faces": {
				"north": {"uv": [1.75, 4.25, 3.625, 4.875], "texture": "#0"},
				"east": {"uv": [0, 4.25, 1.75, 4.875], "texture": "#0"},
				"south": {"uv": [5.375, 4.25, 7.25, 4.875], "texture": "#0"},
				"west": {"uv": [3.625, 4.25, 5.375, 4.875], "texture": "#0"},
				"up": {"uv": [3.625, 4.25, 1.75, 2.5], "texture": "#0"},
				"down": {"uv": [5.5, 2.5, 3.625, 4.25], "texture": "#0"}
			}
		},
		{
			"from": [-2, 13, -3],
			"to": [16, 16, 16],
			"rotation": {"angle": 0, "axis": "y", "origin": [0, 15, 0]},
			"faces": {
				"north": {"uv": [2, 2, 4, 2.375], "texture": "#0"},
				"east": {"uv": [0, 2, 2, 2.375], "texture": "#0"},
				"south": {"uv": [6, 2, 8, 2.375], "texture": "#0"},
				"west": {"uv": [4, 2, 6, 2.375], "texture": "#0"},
				"up": {"uv": [4, 2, 2, 0], "texture": "#0"},
				"down": {"uv": [6, 0, 4, 2], "texture": "#0"}
			}
		},
		{
			"from": [-2, 16, -3],
			"to": [16, 18, -1],
			"rotation": {"angle": 0, "axis": "y", "origin": [0, 16, -2]},
			"faces": {
				"north": {"uv": [4.375, 5.25, 6.375, 5.5], "texture": "#0"},
				"east": {"uv": [4.125, 5.25, 4.375, 5.5], "texture": "#0"},
				"south": {"uv": [6.625, 5.25, 8.625, 5.5], "texture": "#0"},
				"west": {"uv": [6.375, 5.25, 6.625, 5.5], "texture": "#0"},
				"up": {"uv": [6.375, 5.25, 4.375, 5], "texture": "#0"},
				"down": {"uv": [8.375, 5, 6.375, 5.25], "texture": "#0"}
			}
		},
		{
			"from": [-2, 16, -1],
			"to": [0, 18, 16],
			"rotation": {"angle": 0, "axis": "y", "origin": [1, 16, 2]},
			"faces": {
				"north": {"uv": [1.75, 6.75, 2, 7], "texture": "#0"},
				"east": {"uv": [0, 6.75, 1.75, 7], "texture": "#0"},
				"south": {"uv": [3.75, 6.75, 4, 7], "texture": "#0"},
				"west": {"uv": [2, 6.75, 3.75, 7], "texture": "#0"},
				"up": {"uv": [2, 6.75, 1.75, 5], "rotation": 90, "texture": "#0"},
				"down": {"uv": [2.25, 5, 2, 6.75], "rotation": 270, "texture": "#0"}
			}
		}
	],
	"display": {},
	"groups": [
		{
			"name": "group",
			"origin": [0, 4, 14],
			"color": 0,
			"children": [0, 1, 2, 3]
		}
	]
}