{
	"credit": "Made with Blockbench",
	"texture_size": [128, 128],
	"textures": {
		"1": "factory:item/belt-straight"
	},
	"elements": [
		{
			"from": [0, 0, 0],
			"to": [16, 5, 16],
			"faces": {
				"north": {"uv": [2, 4.5, 4, 5.125], "texture": "#1"},
				"east": {"uv": [0, 4.5, 2, 5.125], "texture": "#1"},
				"south": {"uv": [6, 4.5, 8, 5.125], "texture": "#1"},
				"west": {"uv": [4, 4.5, 6, 5.125], "texture": "#1"},
				"up": {"uv": [4, 4.5, 2, 2.5], "texture": "#1"},
				"down": {"uv": [6, 2.5, 4, 4.5], "texture": "#1"}
			}
		},
		{
			"from": [0, 5, -2],
			"to": [16, 8, 18],
			"rotation": {"angle": 0, "axis": "y", "origin": [0, 7, 0]},
			"faces": {
				"north": {"uv": [2, 2, 4, 2.375], "texture": "#1"},
				"east": {"uv": [-0.5, 2, 2, 2.375], "texture": "#1"},
				"south": {"uv": [6.5, 2, 8.5, 2.375], "texture": "#1"},
				"west": {"uv": [4, 2, 6.5, 2.375], "texture": "#1"},
				"up": {"uv": [4, 2, 2, -0.5], "texture": "#1"},
				"down": {"uv": [6, -0.5, 4, 2], "texture": "#1"}
			}
		},
		{
			"from": [0, 8, -2],
			"to": [16, 10, 0],
			"rotation": {"angle": 0, "axis": "y", "origin": [0, 8, -2]},
			"faces": {
				"north": {"uv": [0.25, 5.25, 2.25, 5.5], "texture": "#1"},
				"east": {"uv": [0, 5.25, 0.25, 5.5], "texture": "#1"},
				"south": {"uv": [2.5, 5.25, 4.5, 5.5], "texture": "#1"},
				"west": {"uv": [2.25, 5.25, 2.5, 5.5], "texture": "#1"},
				"up": {"uv": [2.25, 5.25, 0.25, 5], "texture": "#1"},
				"down": {"uv": [4.25, 5, 2.25, 5.25], "texture": "#1"}
			}
		},
		{
			"from": [0, 8, 16],
			"to": [16, 10, 18],
			"rotation": {"angle": 0, "axis": "y", "origin": [0, 8, 16]},
			"faces": {
				"north": {"uv": [4.875, 5.25, 6.875, 5.5], "texture": "#1"},
				"east": {"uv": [4.625, 5.25, 4.875, 5.5], "texture": "#1"},
				"south": {"uv": [7.125, 5.25, 9.125, 5.5], "texture": "#1"},
				"west": {"uv": [6.875, 5.25, 7.125, 5.5], "texture": "#1"},
				"up": {"uv": [6.875, 5.25, 4.875, 5], "texture": "#1"},
				"down": {"uv": [8.875, 5, 6.875, 5.25], "texture": "#1"}
			}
		}
	],
	"groups": [
		{
			"name": "group",
			"origin": [0, 4, 14],
			"color": 0,
			"children": [0, 1, 2, 3]
		}
	]
}