{
	"credit": "Made with Blockbench",
	"texture_size": [128, 128],
	"textures": {
		"1": "factory:item/belt-straight"
	},
	"elements": [
		{
			"from": [0, 0, 0],
			"to": [16, 5, 16],
			"rotation": {"angle": 0, "axis": "y", "origin": [8, 0, 8]},
			"faces": {
				"north": {"uv": [4, 4.5, 6, 5.125], "texture": "#1"},
				"east": {"uv": [6.125, 4.5, 8.125, 5.125], "texture": "#1"},
				"south": {"uv": [0, 4.5, 2, 5.125], "texture": "#1"},
				"west": {"uv": [2, 4.5, 4, 5.125], "texture": "#1"},
				"up": {"uv": [4, 4.5, 2, 2.5], "texture": "#1"},
				"down": {"uv": [6, 2.5, 4, 4.5], "texture": "#1"}
			}
		},
		{
			"from": [-2, 5, 0],
			"to": [18, 8, 16],
			"rotation": {"angle": 0, "axis": "y", "origin": [8, 7, 8]},
			"faces": {
				"north": {"uv": [2.625, 3, 5.125, 3.375], "texture": "#1"},
				"east": {"uv": [2.5, 3, 4.5, 3.375], "texture": "#1"},
				"south": {"uv": [2.875, 3, 5.375, 3.375], "texture": "#1"},
				"west": {"uv": [2.5, 3, 4.5, 3.375], "texture": "#1"},
				"up": {"uv": [4.75, 2.25, 2.25, 0.25], "texture": "#1"},
				"down": {"uv": [5, 2.5, 2.5, 4.5], "texture": "#1"}
			}
		},
		{
			"from": [16, 8, 0],
			"to": [18, 10, 16],
			"rotation": {"angle": 0, "axis": "y", "origin": [8, 8, 8]},
			"faces": {
				"north": {"uv": [4.375, 2.75, 4.625, 3], "texture": "#1"},
				"east": {"uv": [2.75, 3.375, 4.75, 3.625], "texture": "#1"},
				"south": {"uv": [4.125, 3.625, 4.375, 3.875], "texture": "#1"},
				"west": {"uv": [3.5, 3.375, 5.5, 3.625], "texture": "#1"},
				"up": {"uv": [5.5, 3.125, 5.25, 1.125], "texture": "#1"},
				"down": {"uv": [5.75, 0.625, 5.5, 2.625], "texture": "#1"}
			}
		},
		{
			"from": [-2, 8, 0],
			"to": [0, 10, 16],
			"rotation": {"angle": 0, "axis": "y", "origin": [8, 8, 8]},
			"faces": {
				"north": {"uv": [2.75, 3.75, 3, 4], "texture": "#1"},
				"east": {"uv": [3.125, 3.25, 5.125, 3.5], "texture": "#1"},
				"south": {"uv": [3.75, 3.625, 4, 3.875], "texture": "#1"},
				"west": {"uv": [3.5, 3.5, 5.5, 3.75], "texture": "#1"},
				"up": {"uv": [5.375, 4, 5.125, 2], "texture": "#1"},
				"down": {"uv": [5.375, 2, 5.125, 4], "texture": "#1"}
			}
		}
	],
	"display": {
		"thirdperson_righthand": {
			"rotation": [0, -90, -35],
			"scale": [0.5, 0.5, 0.5]
		},
		"thirdperson_lefthand": {
			"rotation": [0, 90, 35],
			"scale": [0.5, 0.5, 0.5]
		},
		"firstperson_righthand": {
			"rotation": [20, -66, 1],
			"translation": [-0.5, 2.25, -0.25],
			"scale": [0.5, 0.5, 0.5]
		},
		"ground": {
			"scale": [0.5, 0.5, 0.5]
		},
		"gui": {
			"rotation": [28, 21, 0],
			"translation": [0.25, 1, 0],
			"scale": [0.7, 0.7, 0.7]
		},
		"head": {
			"rotation": [0, -90, 0],
			"translation": [0, 14.5, 0]
		},
		"fixed": {
			"rotation": [-90, 90, 0],
			"translation": [0, 0, -7.75]
		}
	},
	"groups": [
		{
			"name": "group",
			"origin": [0, 4, 14],
			"color": 0,
			"children": [0, 1, 2, 3]
		}
	]
}