{
	"credit": "Made with Blockbench",
	"texture_size": [32, 32],
	"elements": [
		{
			"from": [7.3, 0.6, 11.4],
			"to": [8.65, 2.1, 12.5],
			"rotation": {"angle": 0, "axis": "y", "origin": [9, 0.1, 10.4]},
			"color": 0,
			"faces": {
				"north": {"uv": [3.5, 9.5, 4, 10], "texture": "#missing"},
				"east": {"uv": [3, 9.5, 3.5, 10], "texture": "#missing"},
				"south": {"uv": [4.5, 9.5, 5, 10], "texture": "#missing"},
				"west": {"uv": [4, 9.5, 4.5, 10], "texture": "#missing"},
				"up": {"uv": [4, 9.5, 3.5, 9], "texture": "#missing"},
				"down": {"uv": [4.5, 9, 4, 9.5], "texture": "#missing"}
			}
		},
		{
			"from": [7.425, 2.1, 11.7],
			"to": [8.55, 3.15, 12.9],
			"rotation": {"angle": -22.5, "axis": "x", "origin": [7.025, 1, 12.8]},
			"color": 0,
			"faces": {
				"north": {"uv": [9.5, 9, 10, 9.5], "texture": "#missing"},
				"east": {"uv": [9, 9, 9.5, 9.5], "texture": "#missing"},
				"south": {"uv": [10.5, 9, 11, 9.5], "texture": "#missing"},
				"west": {"uv": [10, 9, 10.5, 9.5], "texture": "#missing"},
				"up": {"uv": [10, 9, 9.5, 8.5], "texture": "#missing"},
				"down": {"uv": [10.5, 8.5, 10, 9], "texture": "#missing"}
			}
		},
		{
			"from": [7.5, 1.6, 10.4],
			"to": [8.5, 2.6, 11.9],
			"rotation": {"angle": 45, "axis": "x", "origin": [7, 2.6, 12.4]},
			"color": 0,
			"faces": {
				"north": {"uv": [9.5, 10, 10, 10.5], "texture": "#missing"},
				"east": {"uv": [9, 10, 9.5, 10.5], "texture": "#missing"},
				"south": {"uv": [10.5, 10, 11, 10.5], "texture": "#missing"},
				"west": {"uv": [10, 10, 10.5, 10.5], "texture": "#missing"},
				"up": {"uv": [10, 10, 9.5, 9.5], "texture": "#missing"},
				"down": {"uv": [10.5, 9.5, 10, 10], "texture": "#missing"}
			}
		},
		{
			"from": [3.275, 2.1, 7.4],
			"to": [4.4, 3.15, 8.6],
			"rotation": {"angle": -22.5, "axis": "z", "origin": [3.3, 1.4, 7]},
			"color": 0,
			"faces": {
				"north": {"uv": [3.5, 10.5, 4, 11], "texture": "#missing"},
				"east": {"uv": [3, 10.5, 3.5, 11], "texture": "#missing"},
				"south": {"uv": [4.5, 10.5, 5, 11], "texture": "#missing"},
				"west": {"uv": [4, 10.5, 4.5, 11], "texture": "#missing"},
				"up": {"uv": [4, 10.5, 3.5, 10], "texture": "#missing"},
				"down": {"uv": [4.5, 10, 4, 10.5], "texture": "#missing"}
			}
		},
		{
			"from": [3.6, 3.1, 7.5],
			"to": [4.6, 4.6, 8.5],
			"rotation": {"angle": -45, "axis": "z", "origin": [3.6, 2.6, 9]},
			"color": 0,
			"faces": {
				"north": {"uv": [3.5, 10.5, 4, 11], "texture": "#missing"},
				"east": {"uv": [3, 10.5, 3.5, 11], "texture": "#missing"},
				"south": {"uv": [4.5, 10.5, 5, 11], "texture": "#missing"},
				"west": {"uv": [4, 10.5, 4.5, 11], "texture": "#missing"},
				"up": {"uv": [4, 10.5, 3.5, 10], "texture": "#missing"},
				"down": {"uv": [4.5, 10, 4, 10.5], "texture": "#missing"}
			}
		},
		{
			"from": [3.5, 0.6, 7.325],
			"to": [4.6, 2.1, 8.675],
			"rotation": {"angle": 0, "axis": "y", "origin": [3.6, 0.1, 7]},
			"color": 0,
			"faces": {
				"north": {"uv": [9.5, 10, 10, 10.5], "texture": "#missing"},
				"east": {"uv": [9, 10, 9.5, 10.5], "texture": "#missing"},
				"south": {"uv": [10.5, 10, 11, 10.5], "texture": "#missing"},
				"west": {"uv": [10, 10, 10.5, 10.5], "texture": "#missing"},
				"up": {"uv": [10, 10, 9.5, 9.5], "texture": "#missing"},
				"down": {"uv": [10.5, 9.5, 10, 10], "texture": "#missing"}
			}
		},
		{
			"from": [2.7, 0.1, 7],
			"to": [4.7, 0.6, 9],
			"rotation": {"angle": 0, "axis": "y", "origin": [3.7, -0.9, 7]},
			"color": 0,
			"faces": {
				"north": {"uv": [9, 1, 10, 1], "texture": "#missing"},
				"east": {"uv": [8, 1, 9, 1], "texture": "#missing"},
				"south": {"uv": [11, 1, 12, 1], "texture": "#missing"},
				"west": {"uv": [10, 1, 11, 1], "texture": "#missing"},
				"up": {"uv": [10, 1, 9, 0], "texture": "#missing"},
				"down": {"uv": [11, 0, 10, 1], "texture": "#missing"}
			}
		},
		{
			"from": [11.4, 3.1, 7.5],
			"to": [12.4, 4.6, 8.5],
			"rotation": {"angle": 45, "axis": "z", "origin": [12.4, 2.6, 9]},
			"color": 0,
			"faces": {
				"north": {"uv": [4, 10.5, 3.5, 11], "texture": "#missing"},
				"east": {"uv": [4.5, 10.5, 4, 11], "texture": "#missing"},
				"south": {"uv": [5, 10.5, 4.5, 11], "texture": "#missing"},
				"west": {"uv": [3.5, 10.5, 3, 11], "texture": "#missing"},
				"up": {"uv": [3.5, 10.5, 4, 10], "texture": "#missing"},
				"down": {"uv": [4, 10, 4.5, 10.5], "texture": "#missing"}
			}
		},
		{
			"from": [11.6, 2.1, 7.4],
			"to": [12.725, 3.15, 8.6],
			"rotation": {"angle": 22.5, "axis": "z", "origin": [12.7, 1.4, 7]},
			"color": 0,
			"faces": {
				"north": {"uv": [4, 10.5, 3.5, 11], "texture": "#missing"},
				"east": {"uv": [4.5, 10.5, 4, 11], "texture": "#missing"},
				"south": {"uv": [5, 10.5, 4.5, 11], "texture": "#missing"},
				"west": {"uv": [3.5, 10.5, 3, 11], "texture": "#missing"},
				"up": {"uv": [3.5, 10.5, 4, 10], "texture": "#missing"},
				"down": {"uv": [4, 10, 4.5, 10.5], "texture": "#missing"}
			}
		},
		{
			"from": [11.4, 0.6, 7.325],
			"to": [12.5, 2.1, 8.675],
			"rotation": {"angle": 0, "axis": "y", "origin": [12.4, 0.1, 7]},
			"color": 0,
			"faces": {
				"north": {"uv": [10, 10, 9.5, 10.5], "texture": "#missing"},
				"east": {"uv": [10.5, 10, 10, 10.5], "texture": "#missing"},
				"south": {"uv": [11, 10, 10.5, 10.5], "texture": "#missing"},
				"west": {"uv": [9.5, 10, 9, 10.5], "texture": "#missing"},
				"up": {"uv": [9.5, 10, 10, 9.5], "texture": "#missing"},
				"down": {"uv": [10, 9.5, 10.5, 10], "texture": "#missing"}
			}
		},
		{
			"from": [11.3, 0.1, 7],
			"to": [13.3, 0.6, 9],
			"rotation": {"angle": 0, "axis": "y", "origin": [12.3, -0.9, 7]},
			"color": 0,
			"faces": {
				"north": {"uv": [10, 1, 9, 1], "texture": "#missing"},
				"east": {"uv": [11, 1, 10, 1], "texture": "#missing"},
				"south": {"uv": [12, 1, 11, 1], "texture": "#missing"},
				"west": {"uv": [9, 1, 8, 1], "texture": "#missing"},
				"up": {"uv": [9, 1, 10, 0], "texture": "#missing"},
				"down": {"uv": [10, 0, 11, 1], "texture": "#missing"}
			}
		},
		{
			"from": [6.75, 0.1, 11.25],
			"to": [9.25, 0.6, 13.35],
			"rotation": {"angle": 0, "axis": "y", "origin": [8, -0.9, 11.35]},
			"color": 0,
			"faces": {
				"north": {"uv": [9, 1, 10, 1], "texture": "#missing"},
				"east": {"uv": [8, 1, 9, 1], "texture": "#missing"},
				"south": {"uv": [11, 1, 12, 1], "texture": "#missing"},
				"west": {"uv": [10, 1, 11, 1], "texture": "#missing"},
				"up": {"uv": [10, 1, 9, 0], "texture": "#missing"},
				"down": {"uv": [11, 0, 10, 1], "texture": "#missing"}
			}
		},
		{
			"from": [7.5, 1.6, 4.1],
			"to": [8.5, 2.6, 5.6],
			"rotation": {"angle": -45, "axis": "x", "origin": [7, 2.6, 3.6]},
			"color": 0,
			"faces": {
				"north": {"uv": [9.5, 10, 10, 10.5], "texture": "#missing"},
				"east": {"uv": [9, 10, 9.5, 10.5], "texture": "#missing"},
				"south": {"uv": [10.5, 10, 11, 10.5], "texture": "#missing"},
				"west": {"uv": [10, 10, 10.5, 10.5], "texture": "#missing"},
				"up": {"uv": [10, 10, 9.5, 9.5], "texture": "#missing"},
				"down": {"uv": [10.5, 9.5, 10, 10], "texture": "#missing"}
			}
		},
		{
			"from": [7.425, 2.1, 3.1],
			"to": [8.55, 3.15, 4.3],
			"rotation": {"angle": 22.5, "axis": "x", "origin": [7.025, 1, 3.2]},
			"color": 0,
			"faces": {
				"north": {"uv": [9.5, 9, 10, 9.5], "texture": "#missing"},
				"east": {"uv": [9, 9, 9.5, 9.5], "texture": "#missing"},
				"south": {"uv": [10.5, 9, 11, 9.5], "texture": "#missing"},
				"west": {"uv": [10, 9, 10.5, 9.5], "texture": "#missing"},
				"up": {"uv": [10, 9, 9.5, 8.5], "texture": "#missing"},
				"down": {"uv": [10.5, 8.5, 10, 9], "texture": "#missing"}
			}
		},
		{
			"from": [7.3, 0.6, 3.5],
			"to": [8.65, 2.1, 4.6],
			"rotation": {"angle": 0, "axis": "y", "origin": [9, 0.1, 5.6]},
			"color": 0,
			"faces": {
				"north": {"uv": [3.5, 9.5, 4, 10], "texture": "#missing"},
				"east": {"uv": [3, 9.5, 3.5, 10], "texture": "#missing"},
				"south": {"uv": [4.5, 9.5, 5, 10], "texture": "#missing"},
				"west": {"uv": [4, 9.5, 4.5, 10], "texture": "#missing"},
				"up": {"uv": [4, 9.5, 3.5, 9], "texture": "#missing"},
				"down": {"uv": [4.5, 9, 4, 9.5], "texture": "#missing"}
			}
		},
		{
			"from": [6.75, 0.1, 2.65],
			"to": [9.25, 0.6, 4.75],
			"rotation": {"angle": 0, "axis": "y", "origin": [8, -0.9, 4.65]},
			"color": 0,
			"faces": {
				"north": {"uv": [9, 1, 10, 1], "texture": "#missing"},
				"east": {"uv": [8, 1, 9, 1], "texture": "#missing"},
				"south": {"uv": [11, 1, 12, 1], "texture": "#missing"},
				"west": {"uv": [10, 1, 11, 1], "texture": "#missing"},
				"up": {"uv": [10, 1, 9, 0], "texture": "#missing"},
				"down": {"uv": [11, 0, 10, 1], "texture": "#missing"}
			}
		},
		{
			"from": [7, 3, 5],
			"to": [9, 4, 11],
			"rotation": {"angle": 0, "axis": "y", "origin": [7, 3, 7]},
			"color": 6,
			"faces": {
				"north": {"uv": [3, 3, 4, 3.5], "texture": "#missing"},
				"east": {"uv": [0, 3, 3, 3.5], "texture": "#missing"},
				"south": {"uv": [7, 3, 8, 3.5], "texture": "#missing"},
				"west": {"uv": [4, 3, 7, 3.5], "texture": "#missing"},
				"up": {"uv": [4, 3, 3, 0], "texture": "#missing"},
				"down": {"uv": [5, 0, 4, 3], "texture": "#missing"}
			}
		},
		{
			"from": [9, 3, 7],
			"to": [11, 4, 9],
			"rotation": {"angle": 0, "axis": "y", "origin": [14, 3, 7]},
			"color": 6,
			"faces": {
				"north": {"uv": [8, 6, 9, 6.5], "texture": "#missing"},
				"east": {"uv": [7, 6, 8, 6.5], "texture": "#missing"},
				"south": {"uv": [10, 6, 11, 6.5], "texture": "#missing"},
				"west": {"uv": [9, 6, 10, 6.5], "texture": "#missing"},
				"up": {"uv": [9, 6, 8, 5], "texture": "#missing"},
				"down": {"uv": [10, 5, 9, 6], "texture": "#missing"}
			}
		},
		{
			"from": [5, 3, 7],
			"to": [7, 4, 9],
			"rotation": {"angle": 0, "axis": "y", "origin": [9, 3, 7]},
			"color": 6,
			"faces": {
				"north": {"uv": [8, 6, 9, 6.5], "texture": "#missing"},
				"east": {"uv": [7, 6, 8, 6.5], "texture": "#missing"},
				"south": {"uv": [10, 6, 11, 6.5], "texture": "#missing"},
				"west": {"uv": [9, 6, 10, 6.5], "texture": "#missing"},
				"up": {"uv": [9, 6, 8, 5], "texture": "#missing"},
				"down": {"uv": [10, 5, 9, 6], "texture": "#missing"}
			}
		},
		{
			"from": [6, 3, 9],
			"to": [7, 4, 10],
			"rotation": {"angle": 0, "axis": "y", "origin": [9, 3, 9]},
			"color": 6,
			"faces": {
				"north": {"uv": [5.5, 10.5, 6, 11], "texture": "#missing"},
				"east": {"uv": [5, 10.5, 5.5, 11], "texture": "#missing"},
				"south": {"uv": [6.5, 10.5, 7, 11], "texture": "#missing"},
				"west": {"uv": [6, 10.5, 6.5, 11], "texture": "#missing"},
				"up": {"uv": [6, 10.5, 5.5, 10], "texture": "#missing"},
				"down": {"uv": [6.5, 10, 6, 10.5], "texture": "#missing"}
			}
		},
		{
			"from": [5.5, 4, 7],
			"to": [7, 5, 9],
			"rotation": {"angle": 0, "axis": "y", "origin": [9, 4, 7]},
			"color": 6,
			"faces": {
				"north": {"uv": [9, 2, 9.5, 2.5], "texture": "#missing"},
				"east": {"uv": [8, 2, 9, 2.5], "texture": "#missing"},
				"south": {"uv": [10.5, 2, 11, 2.5], "texture": "#missing"},
				"west": {"uv": [9.5, 2, 10.5, 2.5], "texture": "#missing"},
				"up": {"uv": [9.5, 2, 9, 1], "texture": "#missing"},
				"down": {"uv": [10, 1, 9.5, 2], "texture": "#missing"}
			}
		},
		{
			"from": [9, 4, 7],
			"to": [10.5, 5, 9],
			"rotation": {"angle": 0, "axis": "y", "origin": [14, 4, 7]},
			"color": 6,
			"faces": {
				"north": {"uv": [7, 9.5, 7.5, 10], "texture": "#missing"},
				"east": {"uv": [6, 9.5, 7, 10], "texture": "#missing"},
				"south": {"uv": [8.5, 9.5, 9, 10], "texture": "#missing"},
				"west": {"uv": [7.5, 9.5, 8.5, 10], "texture": "#missing"},
				"up": {"uv": [7.5, 9.5, 7, 8.5], "texture": "#missing"},
				"down": {"uv": [8, 8.5, 7.5, 9.5], "texture": "#missing"}
			}
		},
		{
			"from": [6.25, 5, 9],
			"to": [7, 6, 9.75],
			"rotation": {"angle": 0, "axis": "y", "origin": [9, 5, 9]},
			"color": 6,
			"faces": {
				"north": {"uv": [0, 0, 0, 0.5], "texture": "#missing"},
				"east": {"uv": [0, 0, 0, 0.5], "texture": "#missing"},
				"south": {"uv": [0, 0, 0, 0.5], "texture": "#missing"},
				"west": {"uv": [0, 0, 0, 0.5], "texture": "#missing"},
				"up": {"uv": [0, 0, 0, 0], "texture": "#missing"},
				"down": {"uv": [0, 0, 0, 0], "texture": "#missing"}
			}
		},
		{
			"from": [9, 5, 9],
			"to": [9.75, 6, 9.75],
			"rotation": {"angle": 0, "axis": "y", "origin": [13, 5, 9]},
			"color": 6,
			"faces": {
				"north": {"uv": [0, 0, 0, 0.5], "texture": "#missing"},
				"east": {"uv": [0, 0, 0, 0.5], "texture": "#missing"},
				"south": {"uv": [0, 0, 0, 0.5], "texture": "#missing"},
				"west": {"uv": [0, 0, 0, 0.5], "texture": "#missing"},
				"up": {"uv": [0, 0, 0, 0], "texture": "#missing"},
				"down": {"uv": [0, 0, 0, 0], "texture": "#missing"}
			}
		},
		{
			"from": [7, 5, 6],
			"to": [9, 6, 10],
			"rotation": {"angle": 0, "axis": "y", "origin": [7, 5, 7]},
			"color": 6,
			"faces": {
				"north": {"uv": [2, 8.5, 3, 9], "texture": "#missing"},
				"east": {"uv": [0, 8.5, 2, 9], "texture": "#missing"},
				"south": {"uv": [5, 8.5, 6, 9], "texture": "#missing"},
				"west": {"uv": [3, 8.5, 5, 9], "texture": "#missing"},
				"up": {"uv": [3, 8.5, 2, 6.5], "texture": "#missing"},
				"down": {"uv": [4, 6.5, 3, 8.5], "texture": "#missing"}
			}
		},
		{
			"from": [9, 5, 6.25],
			"to": [9.75, 6, 7],
			"rotation": {"angle": 0, "axis": "y", "origin": [13, 5, 5]},
			"color": 6,
			"faces": {
				"north": {"uv": [0, 0, 0, 0.5], "texture": "#missing"},
				"east": {"uv": [0, 0, 0, 0.5], "texture": "#missing"},
				"south": {"uv": [0, 0, 0, 0.5], "texture": "#missing"},
				"west": {"uv": [0, 0, 0, 0.5], "texture": "#missing"},
				"up": {"uv": [0, 0, 0, 0], "texture": "#missing"},
				"down": {"uv": [0, 0, 0, 0], "texture": "#missing"}
			}
		},
		{
			"from": [6.25, 5, 6.25],
			"to": [7, 6, 7],
			"rotation": {"angle": 0, "axis": "y", "origin": [9, 5, 5]},
			"color": 6,
			"faces": {
				"north": {"uv": [0, 0, 0, 0.5], "texture": "#missing"},
				"east": {"uv": [0, 0, 0, 0.5], "texture": "#missing"},
				"south": {"uv": [0, 0, 0, 0.5], "texture": "#missing"},
				"west": {"uv": [0, 0, 0, 0.5], "texture": "#missing"},
				"up": {"uv": [0, 0, 0, 0], "texture": "#missing"},
				"down": {"uv": [0, 0, 0, 0], "texture": "#missing"}
			}
		},
		{
			"from": [6, 5, 7],
			"to": [7, 6, 9],
			"rotation": {"angle": 0, "axis": "y", "origin": [9, 5, 7]},
			"color": 6,
			"faces": {
				"north": {"uv": [9, 2, 9.5, 2.5], "texture": "#missing"},
				"east": {"uv": [8, 2, 9, 2.5], "texture": "#missing"},
				"south": {"uv": [10.5, 2, 11, 2.5], "texture": "#missing"},
				"west": {"uv": [9.5, 2, 10.5, 2.5], "texture": "#missing"},
				"up": {"uv": [9.5, 2, 9, 1], "texture": "#missing"},
				"down": {"uv": [10, 1, 9.5, 2], "texture": "#missing"}
			}
		},
		{
			"from": [9, 5, 7],
			"to": [10, 6, 9],
			"rotation": {"angle": 0, "axis": "y", "origin": [14, 5, 7]},
			"color": 6,
			"faces": {
				"north": {"uv": [1, 10, 1.5, 10.5], "texture": "#missing"},
				"east": {"uv": [0, 10, 1, 10.5], "texture": "#missing"},
				"south": {"uv": [2.5, 10, 3, 10.5], "texture": "#missing"},
				"west": {"uv": [1.5, 10, 2.5, 10.5], "texture": "#missing"},
				"up": {"uv": [1.5, 10, 1, 9], "texture": "#missing"},
				"down": {"uv": [2, 9, 1.5, 10], "texture": "#missing"}
			}
		},
		{
			"from": [9, 4, 9],
			"to": [9.75, 5, 9.75],
			"rotation": {"angle": 0, "axis": "y", "origin": [13, 4, 9]},
			"color": 6,
			"faces": {
				"north": {"uv": [0, 0, 0, 0.5], "texture": "#missing"},
				"east": {"uv": [0, 0, 0, 0.5], "texture": "#missing"},
				"south": {"uv": [0, 0, 0, 0.5], "texture": "#missing"},
				"west": {"uv": [0, 0, 0, 0.5], "texture": "#missing"},
				"up": {"uv": [0, 0, 0, 0], "texture": "#missing"},
				"down": {"uv": [0, 0, 0, 0], "texture": "#missing"}
			}
		},
		{
			"from": [9, 4, 6.25],
			"to": [9.75, 5, 7],
			"rotation": {"angle": 0, "axis": "y", "origin": [13, 4, 5]},
			"color": 6,
			"faces": {
				"north": {"uv": [0, 0, 0, 0.5], "texture": "#missing"},
				"east": {"uv": [0, 0, 0, 0.5], "texture": "#missing"},
				"south": {"uv": [0, 0, 0, 0.5], "texture": "#missing"},
				"west": {"uv": [0, 0, 0, 0.5], "texture": "#missing"},
				"up": {"uv": [0, 0, 0, 0], "texture": "#missing"},
				"down": {"uv": [0, 0, 0, 0], "texture": "#missing"}
			}
		},
		{
			"from": [7, 4, 5.5],
			"to": [9, 5, 10.5],
			"rotation": {"angle": 0, "axis": "y", "origin": [7, 4, 7]},
			"color": 6,
			"faces": {
				"north": {"uv": [2.5, 6, 3.5, 6.5], "texture": "#missing"},
				"east": {"uv": [0, 6, 2.5, 6.5], "texture": "#missing"},
				"south": {"uv": [6, 6, 7, 6.5], "texture": "#missing"},
				"west": {"uv": [3.5, 6, 6, 6.5], "texture": "#missing"},
				"up": {"uv": [3.5, 6, 2.5, 3.5], "texture": "#missing"},
				"down": {"uv": [4.5, 3.5, 3.5, 6], "texture": "#missing"}
			}
		},
		{
			"from": [6.25, 4, 6.25],
			"to": [7, 5, 7],
			"rotation": {"angle": 0, "axis": "y", "origin": [9, 4, 5]},
			"color": 6,
			"faces": {
				"north": {"uv": [0, 0, 0, 0.5], "texture": "#missing"},
				"east": {"uv": [0, 0, 0, 0.5], "texture": "#missing"},
				"south": {"uv": [0, 0, 0, 0.5], "texture": "#missing"},
				"west": {"uv": [0, 0, 0, 0.5], "texture": "#missing"},
				"up": {"uv": [0, 0, 0, 0], "texture": "#missing"},
				"down": {"uv": [0, 0, 0, 0], "texture": "#missing"}
			}
		},
		{
			"from": [6.25, 4, 9],
			"to": [7, 5, 9.75],
			"rotation": {"angle": 0, "axis": "y", "origin": [9, 4, 9]},
			"color": 6,
			"faces": {
				"north": {"uv": [0, 0, 0, 0.5], "texture": "#missing"},
				"east": {"uv": [0, 0, 0, 0.5], "texture": "#missing"},
				"south": {"uv": [0, 0, 0, 0.5], "texture": "#missing"},
				"west": {"uv": [0, 0, 0, 0.5], "texture": "#missing"},
				"up": {"uv": [0, 0, 0, 0], "texture": "#missing"},
				"down": {"uv": [0, 0, 0, 0], "texture": "#missing"}
			}
		},
		{
			"from": [6, 3, 6],
			"to": [7, 4, 7],
			"rotation": {"angle": 0, "axis": "y", "origin": [9, 3, 5]},
			"color": 6,
			"faces": {
				"north": {"uv": [5.5, 10.5, 6, 11], "texture": "#missing"},
				"east": {"uv": [5, 10.5, 5.5, 11], "texture": "#missing"},
				"south": {"uv": [6.5, 10.5, 7, 11], "texture": "#missing"},
				"west": {"uv": [6, 10.5, 6.5, 11], "texture": "#missing"},
				"up": {"uv": [6, 10.5, 5.5, 10], "texture": "#missing"},
				"down": {"uv": [6.5, 10, 6, 10.5], "texture": "#missing"}
			}
		},
		{
			"from": [9, 3, 6],
			"to": [10, 4, 7],
			"rotation": {"angle": 0, "axis": "y", "origin": [13, 3, 5]},
			"color": 6,
			"faces": {
				"north": {"uv": [5.5, 10.5, 6, 11], "texture": "#missing"},
				"east": {"uv": [5, 10.5, 5.5, 11], "texture": "#missing"},
				"south": {"uv": [6.5, 10.5, 7, 11], "texture": "#missing"},
				"west": {"uv": [6, 10.5, 6.5, 11], "texture": "#missing"},
				"up": {"uv": [6, 10.5, 5.5, 10], "texture": "#missing"},
				"down": {"uv": [6.5, 10, 6, 10.5], "texture": "#missing"}
			}
		},
		{
			"from": [9, 3, 9],
			"to": [10, 4, 10],
			"rotation": {"angle": 0, "axis": "y", "origin": [13, 3, 9]},
			"color": 6,
			"faces": {
				"north": {"uv": [5.5, 10.5, 6, 11], "texture": "#missing"},
				"east": {"uv": [5, 10.5, 5.5, 11], "texture": "#missing"},
				"south": {"uv": [6.5, 10.5, 7, 11], "texture": "#missing"},
				"west": {"uv": [6, 10.5, 6.5, 11], "texture": "#missing"},
				"up": {"uv": [6, 10.5, 5.5, 10], "texture": "#missing"},
				"down": {"uv": [6.5, 10, 6, 10.5], "texture": "#missing"}
			}
		},
		{
			"from": [6.5, 8.25, 6.5],
			"to": [9.5, 8.5, 9.5],
			"rotation": {"angle": 0, "axis": "y", "origin": [7, 8.25, 7]},
			"color": 9,
			"faces": {
				"north": {"uv": [8.5, 5, 10, 5], "texture": "#missing"},
				"east": {"uv": [7, 5, 8.5, 5], "texture": "#missing"},
				"south": {"uv": [11.5, 5, 13, 5], "texture": "#missing"},
				"west": {"uv": [10, 5, 11.5, 5], "texture": "#missing"},
				"up": {"uv": [10, 5, 8.5, 3.5], "texture": "#missing"},
				"down": {"uv": [11.5, 3.5, 10, 5], "texture": "#missing"}
			}
		},
		{
			"from": [6.5, 6.5, 6.5],
			"to": [9.5, 6.75, 9.5],
			"rotation": {"angle": 0, "axis": "y", "origin": [7, 6.5, 7]},
			"color": 9,
			"faces": {
				"north": {"uv": [8.5, 5, 10, 5], "texture": "#missing"},
				"east": {"uv": [7, 5, 8.5, 5], "texture": "#missing"},
				"south": {"uv": [11.5, 5, 13, 5], "texture": "#missing"},
				"west": {"uv": [10, 5, 11.5, 5], "texture": "#missing"},
				"up": {"uv": [10, 5, 8.5, 3.5], "texture": "#missing"},
				"down": {"uv": [11.5, 3.5, 10, 5], "texture": "#missing"}
			}
		},
		{
			"from": [6.75, 6, 6.75],
			"to": [9.25, 6.25, 9.25],
			"rotation": {"angle": 0, "axis": "y", "origin": [7, 6, 7]},
			"color": 9,
			"faces": {
				"north": {"uv": [9, 1, 10, 1], "texture": "#missing"},
				"east": {"uv": [8, 1, 9, 1], "texture": "#missing"},
				"south": {"uv": [11, 1, 12, 1], "texture": "#missing"},
				"west": {"uv": [10, 1, 11, 1], "texture": "#missing"},
				"up": {"uv": [10, 1, 9, 0], "texture": "#missing"},
				"down": {"uv": [11, 0, 10, 1], "texture": "#missing"}
			}
		},
		{
			"from": [6.5, 6.75, 6.25],
			"to": [9.5, 8.25, 6.5],
			"rotation": {"angle": 0, "axis": "y", "origin": [8.3, 8.25, 6.15]},
			"color": 9,
			"faces": {
				"north": {"uv": [8, 2.5, 9.5, 3], "texture": "#missing"},
				"east": {"uv": [8, 2.5, 8, 3], "texture": "#missing"},
				"south": {"uv": [9.5, 2.5, 11, 3], "texture": "#missing"},
				"west": {"uv": [9.5, 2.5, 9.5, 3], "texture": "#missing"},
				"up": {"uv": [9.5, 2.5, 8, 2.5], "texture": "#missing"},
				"down": {"uv": [11, 2.5, 9.5, 2.5], "texture": "#missing"}
			}
		},
		{
			"from": [6.5, 6.75, 9.5],
			"to": [9.5, 8.25, 9.75],
			"rotation": {"angle": 0, "axis": "y", "origin": [8.3, 8.25, 9.4]},
			"color": 9,
			"faces": {
				"north": {"uv": [8, 2.5, 9.5, 3], "texture": "#missing"},
				"east": {"uv": [8, 2.5, 8, 3], "texture": "#missing"},
				"south": {"uv": [9.5, 2.5, 11, 3], "texture": "#missing"},
				"west": {"uv": [9.5, 2.5, 9.5, 3], "texture": "#missing"},
				"up": {"uv": [9.5, 2.5, 8, 2.5], "texture": "#missing"},
				"down": {"uv": [11, 2.5, 9.5, 2.5], "texture": "#missing"}
			}
		},
		{
			"from": [6, 6.75, 6.5],
			"to": [9.95, 8.25, 9.5],
			"rotation": {"angle": 0, "axis": "y", "origin": [7, 6.75, 7]},
			"color": 9,
			"faces": {
				"north": {"uv": [7.5, 8, 9, 8.5], "texture": "#missing"},
				"east": {"uv": [6, 8, 7.5, 8.5], "texture": "#missing"},
				"south": {"uv": [10.5, 8, 12, 8.5], "texture": "#missing"},
				"west": {"uv": [9, 8, 10.5, 8.5], "texture": "#missing"},
				"up": {"uv": [9, 8, 7.5, 6.5], "texture": "#missing"},
				"down": {"uv": [10.5, 6.5, 9, 8], "texture": "#missing"}
			}
		},
		{
			"from": [1.5, 7.25, 7.75],
			"to": [6, 7.75, 8.25],
			"rotation": {"angle": 0, "axis": "y", "origin": [4.75, 6.75, 7]},
			"color": 9,
			"faces": {
				"north": {"uv": [0, 0, 2, 0], "texture": "#missing"},
				"east": {"uv": [0, 0, 0, 0], "texture": "#missing"},
				"south": {"uv": [2, 0, 4, 0], "texture": "#missing"},
				"west": {"uv": [2, 0, 2, 0], "texture": "#missing"},
				"up": {"uv": [2, 0, 0, 0], "texture": "#missing"},
				"down": {"uv": [4, 0, 2, 0], "texture": "#missing"}
			}
		},
		{
			"from": [1.4, 7.15, 7.75],
			"to": [6, 7.25, 8.25],
			"rotation": {"angle": 0, "axis": "y", "origin": [4.75, 7.5, 8.05]},
			"color": 9,
			"faces": {
				"north": {"uv": [0, 0, 2, 0], "texture": "#missing"},
				"east": {"uv": [0, 0, 0, 0], "texture": "#missing"},
				"south": {"uv": [2, 0, 4, 0], "texture": "#missing"},
				"west": {"uv": [2, 0, 2, 0], "texture": "#missing"},
				"up": {"uv": [2, 0, 0, 0], "texture": "#missing"},
				"down": {"uv": [4, 0, 2, 0], "texture": "#missing"}
			}
		},
		{
			"from": [1.4, 7.75, 7.75],
			"to": [6, 7.85, 8.25],
			"rotation": {"angle": 0, "axis": "y", "origin": [4.75, 7.5, 8.05]},
			"color": 9,
			"faces": {
				"north": {"uv": [0, 0, 2, 0], "texture": "#missing"},
				"east": {"uv": [0, 0, 0, 0], "texture": "#missing"},
				"south": {"uv": [2, 0, 4, 0], "texture": "#missing"},
				"west": {"uv": [2, 0, 2, 0], "texture": "#missing"},
				"up": {"uv": [2, 0, 0, 0], "texture": "#missing"},
				"down": {"uv": [4, 0, 2, 0], "texture": "#missing"}
			}
		},
		{
			"from": [1.4, 7.25, 8.25],
			"to": [6, 7.75, 8.35],
			"rotation": {"angle": 0, "axis": "y", "origin": [4.75, 6.75, 7.5]},
			"color": 9,
			"faces": {
				"north": {"uv": [0, 0, 2, 0], "texture": "#missing"},
				"east": {"uv": [0, 0, 0, 0], "texture": "#missing"},
				"south": {"uv": [2, 0, 4, 0], "texture": "#missing"},
				"west": {"uv": [2, 0, 2, 0], "texture": "#missing"},
				"up": {"uv": [2, 0, 0, 0], "texture": "#missing"},
				"down": {"uv": [4, 0, 2, 0], "texture": "#missing"}
			}
		},
		{
			"from": [1.4, 7.25, 7.65],
			"to": [6, 7.75, 7.75],
			"rotation": {"angle": 0, "axis": "y", "origin": [4.75, 6.75, 6.9]},
			"color": 9,
			"faces": {
				"north": {"uv": [0, 0, 2, 0], "texture": "#missing"},
				"east": {"uv": [0, 0, 0, 0], "texture": "#missing"},
				"south": {"uv": [2, 0, 4, 0], "texture": "#missing"},
				"west": {"uv": [2, 0, 2, 0], "texture": "#missing"},
				"up": {"uv": [2, 0, 0, 0], "texture": "#missing"},
				"down": {"uv": [4, 0, 2, 0], "texture": "#missing"}
			}
		},
		{
			"from": [7.5, 6.25, 7.5],
			"to": [8.5, 6.5, 8.5],
			"rotation": {"angle": 0, "axis": "y", "origin": [7, 6.5, 7]},
			"color": 9,
			"faces": {
				"north": {"uv": [8.5, 3.5, 9, 3.5], "texture": "#missing"},
				"east": {"uv": [8, 3.5, 8.5, 3.5], "texture": "#missing"},
				"south": {"uv": [9.5, 3.5, 10, 3.5], "texture": "#missing"},
				"west": {"uv": [9, 3.5, 9.5, 3.5], "texture": "#missing"},
				"up": {"uv": [9, 3.5, 8.5, 3], "texture": "#missing"},
				"down": {"uv": [9.5, 3, 9, 3.5], "texture": "#missing"}
			}
		}
	],
	"display": {},
	"groups": [
		{
			"name": "legs",
			"origin": [13.2, 3.9, 4],
			"color": 0,
			"children": [0, 1, 2, 3, 4, 5, 6, 7, 8, 9, 10, 11, 12, 13, 14, 15]
		},
		{
			"name": "torso",
			"origin": [8, 8, 8],
			"color": 0,
			"children": [16, 17, 18, 19, 20, 21, 22, 23, 24, 25, 26, 27, 28, 29, 30, 31, 32, 33, 34, 35, 36]
		},
		{
			"name": "cannon",
			"origin": [7, 6, 7],
			"color": 0,
			"children": [37, 38, 39, 40, 41, 42, 43, 44, 45, 46, 47, 48]
		}
	]
}