{
	"credit": "Made with Blockbench",
	"texture_size": [128, 128],
	"textures": {
		"0": "factory:item/merger",
		"particle": "factory:item/merger"
	},
	"elements": [
		{
			"from": [0, 0, 0],
			"to": [16, 8, 16],
			"faces": {
				"north": {"uv": [4.5, 1.125, 6.5, 2.125], "texture": "#0"},
				"east": {"uv": [4.5, 2.125, 6.5, 3.125], "texture": "#0"},
				"south": {"uv": [3.75, 5.125, 5.75, 6.125], "texture": "#0"},
				"west": {"uv": [5.625, 3.125, 7.625, 4.125], "texture": "#0"},
				"up": {"uv": [4.5, 2, 2.5, 0], "texture": "#0"},
				"down": {"uv": [4.5, 2, 2.5, 4], "texture": "#0"}
			}
		},
		{
			"from": [0, 8, 1],
			"to": [15, 17, 15],
			"rotation": {"angle": 0, "axis": "y", "origin": [0, 10, 0]},
			"faces": {
				"north": {"uv": [3.75, 4, 5.625, 5.125], "texture": "#0"},
				"east": {"uv": [0, 5.75, 1.75, 6.875], "texture": "#0"},
				"south": {"uv": [4.5, 0, 6.375, 1.125], "texture": "#0"},
				"west": {"uv": [1.75, 5.75, 3.5, 6.875], "texture": "#0"},
				"up": {"uv": [1.875, 5.75, 0, 4], "texture": "#0"},
				"down": {"uv": [3.75, 4, 1.875, 5.75], "texture": "#0"}
			}
		},
		{
			"from": [0, 17, 16],
			"to": [16, 20, 18],
			"rotation": {"angle": 0, "axis": "y", "origin": [0, 16, 16]},
			"faces": {
				"north": {"uv": [5.75, 4.875, 7.75, 5.25], "texture": "#0"},
				"east": {"uv": [3.5, 5.75, 3.75, 6.125], "texture": "#0"},
				"south": {"uv": [5.75, 5.25, 7.75, 5.625], "texture": "#0"},
				"west": {"uv": [6.5, 2.625, 6.75, 3], "texture": "#0"},
				"up": {"uv": [8.375, 0.625, 6.375, 0.375], "texture": "#0"},
				"down": {"uv": [8.375, 0.625, 6.375, 0.875], "texture": "#0"}
			}
		},
		{
			"from": [0, 17, -2],
			"to": [16, 20, 0],
			"rotation": {"angle": 0, "axis": "y", "origin": [0, 16, -2]},
			"faces": {
				"north": {"uv": [5.75, 5.625, 7.75, 6], "texture": "#0"},
				"east": {"uv": [6.75, 2.625, 7, 3], "texture": "#0"},
				"south": {"uv": [5.75, 6, 7.75, 6.375], "texture": "#0"},
				"west": {"uv": [2.5, 6.875, 2.75, 7.25], "texture": "#0"},
				"up": {"uv": [8.375, 1.125, 6.375, 0.875], "texture": "#0"},
				"down": {"uv": [7.5, 6.375, 5.5, 6.625], "texture": "#0"}
			}
		},
		{
			"from": [-2, 17, 0],
			"to": [18, 20, 16],
			"rotation": {"angle": 0, "axis": "y", "origin": [0, 16, 0]},
			"faces": {
				"north": {"uv": [5.625, 4.125, 8.125, 4.5], "texture": "#0"},
				"east": {"uv": [3.5, 6.125, 5.5, 6.5], "texture": "#0"},
				"south": {"uv": [5.625, 4.5, 8.125, 4.875], "texture": "#0"},
				"west": {"uv": [6.375, 0, 8.375, 0.375], "texture": "#0"},
				"up": {"uv": [2.5, 2, 0, 0], "texture": "#0"},
				"down": {"uv": [2.5, 2, 0, 4], "texture": "#0"}
			}
		},
		{
			"from": [-2, 0, -2],
			"to": [0, 6, 0],
			"rotation": {"angle": 0, "axis": "y", "origin": [-2, 0, -2]},
			"faces": {
				"north": {"uv": [4.5, 3.125, 4.75, 3.875], "texture": "#0"},
				"east": {"uv": [4.75, 3.125, 5, 3.875], "texture": "#0"},
				"south": {"uv": [5, 3.125, 5.25, 3.875], "texture": "#0"},
				"west": {"uv": [5.25, 3.125, 5.5, 3.875], "texture": "#0"},
				"up": {"uv": [5.75, 6.375, 5.5, 6.125], "texture": "#0"},
				"down": {"uv": [3, 6.875, 2.75, 7.125], "texture": "#0"}
			}
		},
		{
			"from": [16, 0, -2],
			"to": [18, 6, 0],
			"rotation": {"angle": 0, "axis": "y", "origin": [16, 0, -2]},
			"faces": {
				"north": {"uv": [6.5, 1.125, 6.75, 1.875], "texture": "#0"},
				"east": {"uv": [6.5, 1.875, 6.75, 2.625], "texture": "#0"},
				"south": {"uv": [3.5, 6.5, 3.75, 7.25], "texture": "#0"},
				"west": {"uv": [3.75, 6.5, 4, 7.25], "texture": "#0"},
				"up": {"uv": [3.25, 7.125, 3, 6.875], "texture": "#0"},
				"down": {"uv": [3.5, 6.875, 3.25, 7.125], "texture": "#0"}
			}
		},
		{
			"from": [-2, 14, -2],
			"to": [0, 20, 0],
			"rotation": {"angle": 0, "axis": "y", "origin": [-2, 14, -2]},
			"faces": {
				"north": {"uv": [4, 6.5, 4.25, 7.25], "texture": "#0"},
				"east": {"uv": [4.25, 6.5, 4.5, 7.25], "texture": "#0"},
				"south": {"uv": [4.5, 6.5, 4.75, 7.25], "texture": "#0"},
				"west": {"uv": [4.75, 6.5, 5, 7.25], "texture": "#0"},
				"up": {"uv": [7.25, 1.375, 7, 1.125], "texture": "#0"},
				"down": {"uv": [7.25, 1.375, 7, 1.625], "texture": "#0"}
			}
		},
		{
			"from": [-2, 14, 16],
			"to": [0, 20, 18],
			"rotation": {"angle": 0, "axis": "y", "origin": [-2, 14, 16]},
			"faces": {
				"north": {"uv": [5, 6.5, 5.25, 7.25], "texture": "#0"},
				"east": {"uv": [5.25, 6.5, 5.5, 7.25], "texture": "#0"},
				"south": {"uv": [5.5, 6.625, 5.75, 7.375], "texture": "#0"},
				"west": {"uv": [5.75, 6.625, 6, 7.375], "texture": "#0"},
				"up": {"uv": [7.25, 1.875, 7, 1.625], "texture": "#0"},
				"down": {"uv": [7.25, 1.875, 7, 2.125], "texture": "#0"}
			}
		},
		{
			"from": [16, 14, 16],
			"to": [18, 20, 18],
			"rotation": {"angle": 0, "axis": "y", "origin": [16, 14, 16]},
			"faces": {
				"north": {"uv": [6, 6.625, 6.25, 7.375], "texture": "#0"},
				"east": {"uv": [6.25, 6.625, 6.5, 7.375], "texture": "#0"},
				"south": {"uv": [6.5, 6.625, 6.75, 7.375], "texture": "#0"},
				"west": {"uv": [6.75, 1.125, 7, 1.875], "texture": "#0"},
				"up": {"uv": [7.25, 2.375, 7, 2.125], "texture": "#0"},
				"down": {"uv": [7.25, 2.375, 7, 2.625], "texture": "#0"}
			}
		},
		{
			"from": [16, 14, -2],
			"to": [18, 20, 0],
			"rotation": {"angle": 0, "axis": "y", "origin": [16, 14, -2]},
			"faces": {
				"north": {"uv": [6.75, 1.875, 7, 2.625], "texture": "#0"},
				"east": {"uv": [6.75, 6.625, 7, 7.375], "texture": "#0"},
				"south": {"uv": [0, 6.875, 0.25, 7.625], "texture": "#0"},
				"west": {"uv": [0.25, 6.875, 0.5, 7.625], "texture": "#0"},
				"up": {"uv": [7.25, 2.875, 7, 2.625], "texture": "#0"},
				"down": {"uv": [7.25, 2.875, 7, 3.125], "texture": "#0"}
			}
		},
		{
			"from": [16, 0, 16],
			"to": [18, 6, 18],
			"rotation": {"angle": 0, "axis": "y", "origin": [16, 0, 16]},
			"faces": {
				"north": {"uv": [0.5, 6.875, 0.75, 7.625], "texture": "#0"},
				"east": {"uv": [0.75, 6.875, 1, 7.625], "texture": "#0"},
				"south": {"uv": [1, 6.875, 1.25, 7.625], "texture": "#0"},
				"west": {"uv": [1.25, 6.875, 1.5, 7.625], "texture": "#0"},
				"up": {"uv": [7.25, 6.875, 7, 6.625], "texture": "#0"},
				"down": {"uv": [7.25, 6.875, 7, 7.125], "texture": "#0"}
			}
		},
		{
			"from": [-2, 0, 16],
			"to": [0, 6, 18],
			"rotation": {"angle": 0, "axis": "y", "origin": [-2, 0, 16]},
			"faces": {
				"north": {"uv": [1.5, 6.875, 1.75, 7.625], "texture": "#0"},
				"east": {"uv": [1.75, 6.875, 2, 7.625], "texture": "#0"},
				"south": {"uv": [2, 6.875, 2.25, 7.625], "texture": "#0"},
				"west": {"uv": [2.25, 6.875, 2.5, 7.625], "texture": "#0"},
				"up": {"uv": [3, 7.375, 2.75, 7.125], "texture": "#0"},
				"down": {"uv": [3.25, 7.125, 3, 7.375], "texture": "#0"}
			}
		}
	],
	"groups": [
		{
			"name": "group",
			"origin": [16, 0, -2],
			"color": 0,
			"children": [0, 1, 2, 3, 4, 5, 6, 7, 8, 9, 10, 11, 12]
		}
	]
}