{
	"credit": "Made with Blockbench",
	"texture_size": [64, 64],
	"textures": {
		"0": "factory:item/merger",
		"particle": "factory:item/merger"
	},
	"elements": [
		{
			"from": [0, 0, 0],
			"to": [16, 8, 16],
			"faces": {
				"north": {"uv": [0, 8, 4, 10], "texture": "#0"},
				"east": {"uv": [4, 8, 8, 10], "texture": "#0"},
				"south": {"uv": [8, 8, 12, 10], "texture": "#0"},
				"west": {"uv": [9, 0, 13, 2], "texture": "#0"},
				"up": {"uv": [9, 4, 5, 0], "texture": "#0"},
				"down": {"uv": [9, 4, 5, 8], "texture": "#0"}
			}
		},
		{
			"from": [0, 17, 16],
			"to": [16, 20, 18],
			"rotation": {"angle": 0, "axis": "y", "origin": [0, 16, 16]},
			"faces": {
				"north": {"uv": [9, 3.5, 13, 4.25], "texture": "#0"},
				"east": {"uv": [8, 12, 8.5, 12.75], "texture": "#0"},
				"south": {"uv": [9, 4.25, 13, 5], "texture": "#0"},
				"west": {"uv": [12, 8, 12.5, 8.75], "texture": "#0"},
				"up": {"uv": [12, 10.5, 8, 10], "texture": "#0"},
				"down": {"uv": [12, 10.5, 8, 11], "texture": "#0"}
			}
		},
		{
			"from": [0, 17, -2],
			"to": [16, 20, 0],
			"rotation": {"angle": 0, "axis": "y", "origin": [0, 16, -2]},
			"faces": {
				"north": {"uv": [9, 5, 13, 5.75], "texture": "#0"},
				"east": {"uv": [8.5, 12, 9, 12.75], "texture": "#0"},
				"south": {"uv": [9, 5.75, 13, 6.5], "texture": "#0"},
				"west": {"uv": [12, 8.75, 12.5, 9.5], "texture": "#0"},
				"up": {"uv": [12, 11.5, 8, 11], "texture": "#0"},
				"down": {"uv": [12, 11.5, 8, 12], "texture": "#0"}
			}
		},
		{
			"from": [-2, 17, 0],
			"to": [18, 20, 16],
			"rotation": {"angle": 0, "axis": "y", "origin": [0, 16, 0]},
			"faces": {
				"north": {"uv": [9, 2, 14, 2.75], "texture": "#0"},
				"east": {"uv": [9, 6.5, 13, 7.25], "texture": "#0"},
				"south": {"uv": [9, 2.75, 14, 3.5], "texture": "#0"},
				"west": {"uv": [9, 7.25, 13, 8], "texture": "#0"},
				"up": {"uv": [5, 4, 0, 0], "texture": "#0"},
				"down": {"uv": [5, 4, 0, 8], "texture": "#0"}
			}
		},
		{
			"from": [-2, 0, -2],
			"to": [0, 20, 0],
			"rotation": {"angle": 0, "axis": "y", "origin": [-2, 0, -2]},
			"faces": {
				"north": {"uv": [2, 10, 2.5, 15], "texture": "#0"},
				"east": {"uv": [2.5, 10, 3, 15], "texture": "#0"},
				"south": {"uv": [3, 10, 3.5, 15], "texture": "#0"},
				"west": {"uv": [3.5, 10, 4, 15], "texture": "#0"},
				"up": {"uv": [12.5, 10, 12, 9.5], "texture": "#0"},
				"down": {"uv": [10.5, 12, 10, 12.5], "texture": "#0"}
			}
		},
		{
			"from": [16, 0, -2],
			"to": [18, 20, 0],
			"rotation": {"angle": 0, "axis": "y", "origin": [16, 0, -2]},
			"faces": {
				"north": {"uv": [4, 10, 4.5, 15], "texture": "#0"},
				"east": {"uv": [4.5, 10, 5, 15], "texture": "#0"},
				"south": {"uv": [5, 10, 5.5, 15], "texture": "#0"},
				"west": {"uv": [5.5, 10, 6, 15], "texture": "#0"},
				"up": {"uv": [12.5, 10.5, 12, 10], "texture": "#0"},
				"down": {"uv": [11, 12, 10.5, 12.5], "texture": "#0"}
			}
		},
		{
			"from": [16, 0, 16],
			"to": [18, 20, 18],
			"rotation": {"angle": 0, "axis": "y", "origin": [16, 0, 16]},
			"faces": {
				"north": {"uv": [6, 10, 6.5, 15], "texture": "#0"},
				"east": {"uv": [6.5, 10, 7, 15], "texture": "#0"},
				"south": {"uv": [7, 10, 7.5, 15], "texture": "#0"},
				"west": {"uv": [7.5, 10, 8, 15], "texture": "#0"},
				"up": {"uv": [12.5, 11, 12, 10.5], "texture": "#0"},
				"down": {"uv": [11.5, 12, 11, 12.5], "texture": "#0"}
			}
		},
		{
			"from": [-2, 0, 16],
			"to": [0, 20, 18],
			"rotation": {"angle": 0, "axis": "y", "origin": [-2, 0, 16]},
			"faces": {
				"north": {"uv": [0, 10, 0.5, 15], "texture": "#0"},
				"east": {"uv": [0.5, 10, 1, 15], "texture": "#0"},
				"south": {"uv": [1, 10, 1.5, 15], "texture": "#0"},
				"west": {"uv": [1.5, 10, 2, 15], "texture": "#0"},
				"up": {"uv": [9.5, 12.5, 9, 12], "texture": "#0"},
				"down": {"uv": [10, 12, 9.5, 12.5], "texture": "#0"}
			}
		}
	],
	"groups": [
		{
			"name": "group",
			"origin": [16, 0, -2],
			"color": 0,
			"children": [0, 1, 2, 3, 4, 5, 6, 7]
		}
	]
}