{
	"credit": "Made with Blockbench",
	"parent": "minecraft:block/button",
	"texture_size": [128, 128],
	"textures": {
		"0": "factory:item/miner",
		"particle": "factory:item/miner"
	},
	"elements": [
		{
			"from": [-15, 3, -5],
			"to": [0, 6, 20],
			"rotation": {"angle": 0, "axis": "y", "origin": [7, 19, 6]},
			"faces": {
				"north": {"uv": [8.75, 11.5, 10.625, 11.875], "texture": "#0"},
				"east": {"uv": [10.75, 1.875, 13.875, 2.25], "texture": "#0"},
				"south": {"uv": [10.625, 11.5, 12.5, 11.875], "texture": "#0"},
				"west": {"uv": [10.75, 2.25, 13.875, 2.625], "texture": "#0"},
				"up": {"uv": [1.875, 7.125, 0, 4], "texture": "#0"},
				"down": {"uv": [3.75, 4, 1.875, 7.125], "texture": "#0"}
			}
		},
		{
			"from": [-15, 16, -1],
			"to": [4, 19, 17],
			"rotation": {"angle": 0, "axis": "y", "origin": [7, 32, 6]},
			"faces": {
				"north": {"uv": [2, 10.5, 4.375, 10.875], "texture": "#0"},
				"east": {"uv": [2, 10.875, 4.25, 11.25], "texture": "#0"},
				"south": {"uv": [9.75, 10.75, 12.125, 11.125], "texture": "#0"},
				"west": {"uv": [7.25, 10.875, 9.5, 11.25], "texture": "#0"},
				"up": {"uv": [8.125, 2.25, 5.75, 0], "texture": "#0"},
				"down": {"uv": [8.125, 2.25, 5.75, 4.5], "texture": "#0"}
			}
		},
		{
			"from": [-14, 6, 0],
			"to": [0, 16, 2],
			"rotation": {"angle": 0, "axis": "y", "origin": [9, 17, 16]},
			"faces": {
				"north": {"uv": [7.5, 6, 9.25, 7.25], "texture": "#0"},
				"east": {"uv": [4, 12.25, 4.25, 13.5], "texture": "#0"},
				"south": {"uv": [7.5, 7.25, 9.25, 8.5], "texture": "#0"},
				"west": {"uv": [4.25, 12.25, 4.5, 13.5], "texture": "#0"},
				"up": {"uv": [13.875, 11, 12.125, 10.75], "texture": "#0"},
				"down": {"uv": [14, 11.875, 12.25, 12.125], "texture": "#0"}
			}
		},
		{
			"from": [-14, 6, 14],
			"to": [0, 16, 16],
			"rotation": {"angle": 0, "axis": "y", "origin": [9, 17, 29]},
			"faces": {
				"north": {"uv": [3.5, 8, 5.25, 9.25], "texture": "#0"},
				"east": {"uv": [5, 12.625, 5.25, 13.875], "texture": "#0"},
				"south": {"uv": [8.125, 0, 9.875, 1.25], "texture": "#0"},
				"west": {"uv": [5.25, 12.625, 5.5, 13.875], "texture": "#0"},
				"up": {"uv": [14, 12.375, 12.25, 12.125], "texture": "#0"},
				"down": {"uv": [9, 12.375, 7.25, 12.625], "texture": "#0"}
			}
		},
		{
			"from": [-11, 6, 2],
			"to": [0, 16, 14],
			"rotation": {"angle": 0, "axis": "y", "origin": [9, 17, 27]},
			"faces": {
				"north": {"uv": [9.25, 5.25, 10.625, 6.5], "texture": "#0"},
				"east": {"uv": [2, 8.625, 3.5, 9.875], "texture": "#0"},
				"south": {"uv": [9.25, 6.5, 10.625, 7.75], "texture": "#0"},
				"west": {"uv": [3.5, 9.25, 5, 10.5], "texture": "#0"},
				"up": {"uv": [9.5, 2.75, 8.125, 1.25], "texture": "#0"},
				"down": {"uv": [9.5, 2.75, 8.125, 4.25], "texture": "#0"}
			}
		},
		{
			"from": [0, 6, 0],
			"to": [4, 16, 16],
			"rotation": {"angle": 0, "axis": "y", "origin": [13, 17, 27]},
			"faces": {
				"north": {"uv": [6.25, 11.5, 6.75, 12.75], "texture": "#0"},
				"east": {"uv": [3.75, 6.75, 5.75, 8], "texture": "#0"},
				"south": {"uv": [6.75, 11.5, 7.25, 12.75], "texture": "#0"},
				"west": {"uv": [0, 7.125, 2, 8.375], "texture": "#0"},
				"up": {"uv": [6.75, 11.5, 6.25, 9.5], "texture": "#0"},
				"down": {"uv": [7.25, 9.5, 6.75, 11.5], "texture": "#0"}
			}
		},
		{
			"from": [-16, 0, -6],
			"to": [0, 3, 21],
			"rotation": {"angle": 0, "axis": "y", "origin": [7, 16, 6]},
			"faces": {
				"north": {"uv": [7.25, 10.5, 9.25, 10.875], "texture": "#0"},
				"east": {"uv": [10.75, 1.125, 14.125, 1.5], "texture": "#0"},
				"south": {"uv": [9.5, 11.125, 11.5, 11.5], "texture": "#0"},
				"west": {"uv": [10.75, 1.5, 14.125, 1.875], "texture": "#0"},
				"up": {"uv": [5.75, 3.375, 3.75, 0], "texture": "#0"},
				"down": {"uv": [5.75, 3.375, 3.75, 6.75], "texture": "#0"}
			}
		},
		{
			"from": [0, 0, -8],
			"to": [4, 3, 23],
			"rotation": {"angle": 0, "axis": "y", "origin": [23, 16, 6]},
			"faces": {
				"north": {"uv": [0, 12.75, 0.5, 13.125], "texture": "#0"},
				"east": {"uv": [9.75, 8.875, 13.625, 9.25], "texture": "#0"},
				"south": {"uv": [0.5, 12.75, 1, 13.125], "texture": "#0"},
				"west": {"uv": [9.75, 9.25, 13.625, 9.625], "texture": "#0"},
				"up": {"uv": [0.5, 12.25, 0, 8.375], "texture": "#0"},
				"down": {"uv": [1, 8.375, 0.5, 12.25], "texture": "#0"}
			}
		},
		{
			"from": [28, 0, -8],
			"to": [32, 3, 23],
			"rotation": {"angle": 0, "axis": "y", "origin": [51, 16, 6]},
			"faces": {
				"north": {"uv": [1, 12.75, 1.5, 13.125], "texture": "#0"},
				"east": {"uv": [9.75, 9.625, 13.625, 10], "texture": "#0"},
				"south": {"uv": [1.5, 12.75, 2, 13.125], "texture": "#0"},
				"west": {"uv": [9.875, 0, 13.75, 0.375], "texture": "#0"},
				"up": {"uv": [1.5, 12.25, 1, 8.375], "texture": "#0"},
				"down": {"uv": [2, 8.375, 1.5, 12.25], "texture": "#0"}
			}
		},
		{
			"from": [28, 3, -8],
			"to": [31, 6, 23],
			"rotation": {"angle": 0, "axis": "y", "origin": [51, 19, 6]},
			"faces": {
				"north": {"uv": [13, 4.125, 13.375, 4.5], "texture": "#0"},
				"east": {"uv": [9.875, 0.375, 13.75, 0.75], "texture": "#0"},
				"south": {"uv": [13, 4.5, 13.375, 4.875], "texture": "#0"},
				"west": {"uv": [9.875, 0.75, 13.75, 1.125], "texture": "#0"},
				"up": {"uv": [5.875, 13.375, 5.5, 9.5], "texture": "#0"},
				"down": {"uv": [6.25, 9.5, 5.875, 13.375], "texture": "#0"}
			}
		},
		{
			"from": [28, 6, 1],
			"to": [30, 21, 15],
			"rotation": {"angle": 0, "axis": "y", "origin": [51, 22, 5]},
			"faces": {
				"north": {"uv": [4.5, 11.75, 4.75, 13.625], "texture": "#0"},
				"east": {"uv": [5.75, 4.5, 7.5, 6.375], "texture": "#0"},
				"south": {"uv": [4.75, 11.75, 5, 13.625], "texture": "#0"},
				"west": {"uv": [5.75, 6.375, 7.5, 8.25], "texture": "#0"},
				"up": {"uv": [3.25, 14, 3, 12.25], "texture": "#0"},
				"down": {"uv": [3.5, 12.25, 3.25, 14], "texture": "#0"}
			}
		},
		{
			"from": [2, 19, 1],
			"to": [4, 21, 15],
			"rotation": {"angle": 0, "axis": "y", "origin": [24, 22, 5]},
			"faces": {
				"north": {"uv": [3.5, 7.625, 3.75, 7.875], "texture": "#0"},
				"east": {"uv": [11.25, 12.375, 13, 12.625], "texture": "#0"},
				"south": {"uv": [5.25, 8, 5.5, 8.25], "texture": "#0"},
				"west": {"uv": [12.5, 11.375, 14.25, 11.625], "texture": "#0"},
				"up": {"uv": [3.75, 14, 3.5, 12.25], "texture": "#0"},
				"down": {"uv": [4, 12.25, 3.75, 14], "texture": "#0"}
			}
		},
		{
			"from": [0, 3, -5],
			"to": [4, 6, 20],
			"rotation": {"angle": 0, "axis": "y", "origin": [23, 19, 6]},
			"faces": {
				"north": {"uv": [2, 12.75, 2.5, 13.125], "texture": "#0"},
				"east": {"uv": [10.75, 2.625, 13.875, 3], "texture": "#0"},
				"south": {"uv": [2.5, 12.75, 3, 13.125], "texture": "#0"},
				"west": {"uv": [10.75, 3, 13.875, 3.375], "texture": "#0"},
				"up": {"uv": [9.75, 10.875, 9.25, 7.75], "texture": "#0"},
				"down": {"uv": [5.5, 9.5, 5, 12.625], "texture": "#0"}
			}
		},
		{
			"from": [1, 3, 20],
			"to": [4, 6, 23],
			"rotation": {"angle": 0, "axis": "y", "origin": [23, 19, 10]},
			"faces": {
				"north": {"uv": [2.625, 13.125, 3, 13.5], "texture": "#0"},
				"east": {"uv": [6.25, 13.125, 6.625, 13.5], "texture": "#0"},
				"south": {"uv": [6.625, 13.125, 7, 13.5], "texture": "#0"},
				"west": {"uv": [7, 13.125, 7.375, 13.5], "texture": "#0"},
				"up": {"uv": [7.75, 13.5, 7.375, 13.125], "texture": "#0"},
				"down": {"uv": [8.125, 13.125, 7.75, 13.5], "texture": "#0"}
			}
		},
		{
			"from": [1, 3, -8],
			"to": [4, 6, -5],
			"rotation": {"angle": 0, "axis": "y", "origin": [23, 19, -17]},
			"faces": {
				"north": {"uv": [0.375, 13.125, 0.75, 13.5], "texture": "#0"},
				"east": {"uv": [0.75, 13.125, 1.125, 13.5], "texture": "#0"},
				"south": {"uv": [1.125, 13.125, 1.5, 13.5], "texture": "#0"},
				"west": {"uv": [1.5, 13.125, 1.875, 13.5], "texture": "#0"},
				"up": {"uv": [2.25, 13.5, 1.875, 13.125], "texture": "#0"},
				"down": {"uv": [2.625, 13.125, 2.25, 13.5], "texture": "#0"}
			}
		},
		{
			"from": [0.01104, 0, 23.01497],
			"to": [32, 3, 27],
			"rotation": {"angle": 0, "axis": "y", "origin": [18, 16, 19]},
			"faces": {
				"north": {"uv": [9.5, 3.75, 13.5, 4.125], "texture": "#0"},
				"east": {"uv": [6.25, 12.75, 6.75, 13.125], "texture": "#0"},
				"south": {"uv": [9.75, 7.75, 13.75, 8.125], "texture": "#0"},
				"west": {"uv": [6.75, 12.75, 7.25, 13.125], "texture": "#0"},
				"up": {"uv": [9.25, 9, 5.25, 8.5], "texture": "#0"},
				"down": {"uv": [13, 4.25, 9, 4.75], "texture": "#0"}
			}
		},
		{
			"from": [1.01104, 3, 23.01497],
			"to": [31, 6, 26],
			"rotation": {"angle": 0, "axis": "y", "origin": [18, 19, 18]},
			"faces": {
				"north": {"uv": [9.75, 10, 13.5, 10.375], "texture": "#0"},
				"east": {"uv": [13, 4.875, 13.375, 5.25], "texture": "#0"},
				"south": {"uv": [9.75, 10.375, 13.5, 10.75], "texture": "#0"},
				"west": {"uv": [13, 12.375, 13.375, 12.75], "texture": "#0"},
				"up": {"uv": [14.375, 5.625, 10.625, 5.25], "texture": "#0"},
				"down": {"uv": [14.375, 5.625, 10.625, 6], "texture": "#0"}
			}
		},
		{
			"from": [1.01104, 21, 0.01497],
			"to": [31, 23, 16],
			"rotation": {"angle": 0, "axis": "y", "origin": [18, 29, 2]},
			"faces": {
				"north": {"uv": [10.625, 7.5, 14.375, 7.75], "texture": "#0"},
				"east": {"uv": [5.25, 8.25, 7.25, 8.5], "texture": "#0"},
				"south": {"uv": [10.75, 3.375, 14.5, 3.625], "texture": "#0"},
				"west": {"uv": [11.5, 11.125, 13.5, 11.375], "texture": "#0"},
				"up": {"uv": [3.75, 2, 0, 0], "texture": "#0"},
				"down": {"uv": [3.75, 2, 0, 4], "texture": "#0"}
			}
		},
		{
			"from": [10.01104, 16, 2.01497],
			"to": [22.1, 20, 14],
			"rotation": {"angle": 0, "axis": "y", "origin": [18, 26, 2]},
			"faces": {
				"north": {"uv": [2, 9.875, 3.5, 10.375], "texture": "#0"},
				"east": {"uv": [2, 11.25, 3.5, 11.75], "texture": "#0"},
				"south": {"uv": [3.5, 11.25, 5, 11.75], "texture": "#0"},
				"west": {"uv": [7.25, 11.25, 8.75, 11.75], "texture": "#0"},
				"up": {"uv": [3.5, 8.625, 2, 7.125], "texture": "#0"},
				"down": {"uv": [9, 4.5, 7.5, 6], "texture": "#0"}
			}
		},
		{
			"from": [11.01104, 12, 3.01497],
			"to": [21.1, 16, 13],
			"rotation": {"angle": 0, "axis": "y", "origin": [18, 22, 2]},
			"faces": {
				"north": {"uv": [2, 11.75, 3.25, 12.25], "texture": "#0"},
				"east": {"uv": [3.25, 11.75, 4.5, 12.25], "texture": "#0"},
				"south": {"uv": [7.25, 11.75, 8.5, 12.25], "texture": "#0"},
				"west": {"uv": [8.5, 11.875, 9.75, 12.375], "texture": "#0"},
				"up": {"uv": [10.75, 2.5, 9.5, 1.25], "texture": "#0"},
				"down": {"uv": [10.75, 2.5, 9.5, 3.75], "texture": "#0"}
			}
		},
		{
			"from": [12.01104, 8, 4.01497],
			"to": [20.1, 12, 12],
			"rotation": {"angle": 0, "axis": "y", "origin": [18, 18, 2]},
			"faces": {
				"north": {"uv": [11.25, 11.875, 12.25, 12.375], "texture": "#0"},
				"east": {"uv": [0, 12.25, 1, 12.75], "texture": "#0"},
				"south": {"uv": [1, 12.25, 2, 12.75], "texture": "#0"},
				"west": {"uv": [2, 12.25, 3, 12.75], "texture": "#0"},
				"up": {"uv": [8.25, 10.5, 7.25, 9.5], "texture": "#0"},
				"down": {"uv": [9.25, 9.5, 8.25, 10.5], "texture": "#0"}
			}
		},
		{
			"from": [13.01104, 4, 5.01497],
			"to": [19, 8, 11],
			"rotation": {"angle": 0, "axis": "y", "origin": [18, 14, 2]},
			"faces": {
				"north": {"uv": [9, 12.375, 9.75, 12.875], "texture": "#0"},
				"east": {"uv": [7.25, 12.625, 8, 13.125], "texture": "#0"},
				"south": {"uv": [8, 12.625, 8.75, 13.125], "texture": "#0"},
				"west": {"uv": [9.75, 12.625, 10.5, 13.125], "texture": "#0"},
				"up": {"uv": [10.5, 12.625, 9.75, 11.875], "texture": "#0"},
				"down": {"uv": [11.25, 11.875, 10.5, 12.625], "texture": "#0"}
			}
		},
		{
			"from": [14.01104, 0, 6.01497],
			"to": [18, 4, 10],
			"rotation": {"angle": 0, "axis": "y", "origin": [18, 10, 2]},
			"faces": {
				"north": {"uv": [4.375, 10.5, 4.875, 11], "texture": "#0"},
				"east": {"uv": [10.5, 12.625, 11, 13.125], "texture": "#0"},
				"south": {"uv": [11, 12.625, 11.5, 13.125], "texture": "#0"},
				"west": {"uv": [11.5, 12.625, 12, 13.125], "texture": "#0"},
				"up": {"uv": [12.5, 13.125, 12, 12.625], "texture": "#0"},
				"down": {"uv": [13, 12.625, 12.5, 13.125], "texture": "#0"}
			}
		},
		{
			"from": [15.01104, -4, 7.01497],
			"to": [17, 0, 9],
			"rotation": {"angle": 0, "axis": "y", "origin": [18, 6, 2]},
			"faces": {
				"north": {"uv": [3.5, 7.125, 3.75, 7.625], "texture": "#0"},
				"east": {"uv": [9, 5.25, 9.25, 5.75], "texture": "#0"},
				"south": {"uv": [8.125, 13.125, 8.375, 13.625], "texture": "#0"},
				"west": {"uv": [8.375, 13.125, 8.625, 13.625], "texture": "#0"},
				"up": {"uv": [5.75, 8.25, 5.5, 8], "texture": "#0"},
				"down": {"uv": [8.375, 4.25, 8.125, 4.5], "texture": "#0"}
			}
		},
		{
			"from": [15.01104, 3, 7.01497],
			"to": [17, 7, 9],
			"rotation": {"angle": 0, "axis": "y", "origin": [18, 13, 2]},
			"faces": {
				"north": {"uv": [9.75, 13.125, 10, 13.625], "texture": "#0"},
				"east": {"uv": [10, 13.125, 10.25, 13.625], "texture": "#0"},
				"south": {"uv": [10.25, 13.125, 10.5, 13.625], "texture": "#0"},
				"west": {"uv": [10.5, 13.125, 10.75, 13.625], "texture": "#0"},
				"up": {"uv": [7.5, 8.5, 7.25, 8.25], "texture": "#0"},
				"down": {"uv": [8.625, 4.25, 8.375, 4.5], "texture": "#0"}
			}
		},
		{
			"from": [0.01104, 0, -11.98503],
			"to": [32, 3, -8],
			"rotation": {"angle": 0, "axis": "y", "origin": [18, 16, -16]},
			"faces": {
				"north": {"uv": [9.75, 8.125, 13.75, 8.5], "texture": "#0"},
				"east": {"uv": [8.75, 12.875, 9.25, 13.25], "texture": "#0"},
				"south": {"uv": [9.75, 8.5, 13.75, 8.875], "texture": "#0"},
				"west": {"uv": [9.25, 12.875, 9.75, 13.25], "texture": "#0"},
				"up": {"uv": [13, 5.25, 9, 4.75], "texture": "#0"},
				"down": {"uv": [9.25, 9, 5.25, 9.5], "texture": "#0"}
			}
		},
		{
			"from": [1.01104, 3, -10.98503],
			"to": [31.1, 6, -8],
			"rotation": {"angle": 0, "axis": "y", "origin": [18, 19, -15]},
			"faces": {
				"north": {"uv": [10.625, 6, 14.375, 6.375], "texture": "#0"},
				"east": {"uv": [13, 12.75, 13.375, 13.125], "texture": "#0"},
				"south": {"uv": [10.625, 6.375, 14.375, 6.75], "texture": "#0"},
				"west": {"uv": [0, 13.125, 0.375, 13.5], "texture": "#0"},
				"up": {"uv": [14.375, 7.125, 10.625, 6.75], "texture": "#0"},
				"down": {"uv": [14.375, 7.125, 10.625, 7.5], "texture": "#0"}
			}
		}
	],
	"display": {
		"thirdperson_righthand": {
			"translation": [0, 1.25, 0]
		},
		"firstperson_righthand": {
			"translation": [0, 0.75, -55.25]
		},
		"firstperson_lefthand": {
			"translation": [0, 0, -44.25]
		}
	},
	"groups": [
		{
			"name": "base",
			"origin": [7, 0, 6],
			"color": 0,
			"children": [0, 1, 2, 3, 4, 5, 6, 7, 8, 9, 10, 11, 12, 13, 14, 15, 16, 17, 18, 19, 20, 21, 22, 23, 24, 25, 26]
		},
		{
			"name": "acacia_button",
			"origin": [8, 8, 8],
			"color": 0,
			"children": []
		}
	]
}