{
	"credit": "Made with Blockbench",
	"parent": "minecraft:block/button",
	"texture_size": [256, 256],
	"textures": {
		"0": "factory:item/miner",
		"particle": "factory:item/miner"
	},
	"elements": [
		{
			"from": [-15, 3, -5],
			"to": [0, 6, 20],
			"rotation": {"angle": 0, "axis": "y", "origin": [7, 19, 6]},
			"faces": {
				"north": {"uv": [1.5625, 3.5, 2.5, 3.6875], "texture": "#0"},
				"east": {"uv": [0, 3.5, 1.5625, 3.6875], "texture": "#0"},
				"south": {"uv": [4.0625, 3.5, 5, 3.6875], "texture": "#0"},
				"west": {"uv": [2.5, 3.5, 4.0625, 3.6875], "texture": "#0"},
				"up": {"uv": [2.5, 3.5, 1.5625, 1.9375], "texture": "#0"},
				"down": {"uv": [3.4375, 1.9375, 2.5, 3.5], "texture": "#0"}
			}
		},
		{
			"from": [-15, 16, -1],
			"to": [4, 19, 17],
			"rotation": {"angle": 0, "axis": "y", "origin": [7, 32, 6]},
			"faces": {
				"north": {"uv": [6.1875, 3.3125, 7.375, 3.5], "texture": "#0"},
				"east": {"uv": [5.0625, 3.3125, 6.1875, 3.5], "texture": "#0"},
				"south": {"uv": [8.5, 3.3125, 9.6875, 3.5], "texture": "#0"},
				"west": {"uv": [7.375, 3.3125, 8.5, 3.5], "texture": "#0"},
				"up": {"uv": [7.375, 3.3125, 6.1875, 2.1875], "texture": "#0"},
				"down": {"uv": [8.5625, 2.1875, 7.375, 3.3125], "texture": "#0"}
			}
		},
		{
			"from": [-14, 6, 0],
			"to": [0, 16, 2],
			"rotation": {"angle": 0, "axis": "y", "origin": [9, 17, 16]},
			"faces": {
				"north": {"uv": [9.875, 1.1875, 10.75, 1.8125], "rotation": 180, "texture": "#0"},
				"east": {"uv": [9.75, 1.1875, 9.875, 1.8125], "rotation": 270, "texture": "#0"},
				"south": {"uv": [10.875, 1.1875, 11.75, 1.8125], "texture": "#0"},
				"west": {"uv": [10.75, 1.1875, 10.875, 1.8125], "rotation": 90, "texture": "#0"},
				"up": {"uv": [10.75, 1.1875, 9.875, 1.0625], "rotation": 180, "texture": "#0"},
				"down": {"uv": [11.625, 1.0625, 10.75, 1.1875], "texture": "#0"}
			}
		},
		{
			"from": [-14, 6, 14],
			"to": [0, 16, 16],
			"rotation": {"angle": 0, "axis": "y", "origin": [9, 17, 29]},
			"faces": {
				"north": {"uv": [9.875, 2, 10.75, 2.625], "rotation": 180, "texture": "#0"},
				"east": {"uv": [9.75, 2, 9.875, 2.625], "rotation": 270, "texture": "#0"},
				"south": {"uv": [10.875, 2, 11.75, 2.625], "texture": "#0"},
				"west": {"uv": [10.75, 2, 10.875, 2.625], "rotation": 90, "texture": "#0"},
				"up": {"uv": [10.75, 2, 9.875, 1.875], "rotation": 180, "texture": "#0"},
				"down": {"uv": [11.625, 1.875, 10.75, 2], "texture": "#0"}
			}
		},
		{
			"from": [-11, 6, 2],
			"to": [0, 16, 14],
			"rotation": {"angle": 0, "axis": "y", "origin": [9, 17, 27]},
			"faces": {
				"north": {"uv": [7.875, 9.0625, 8.5625, 9.6875], "rotation": 180, "texture": "#0"},
				"east": {"uv": [7.125, 9.0625, 7.875, 9.6875], "rotation": 270, "texture": "#0"},
				"south": {"uv": [9.3125, 9.0625, 10, 9.6875], "texture": "#0"},
				"west": {"uv": [8.5625, 9.0625, 9.3125, 9.6875], "rotation": 90, "texture": "#0"},
				"up": {"uv": [8.5625, 9.0625, 7.875, 8.3125], "rotation": 180, "texture": "#0"},
				"down": {"uv": [9.25, 8.3125, 8.5625, 9.0625], "texture": "#0"}
			}
		},
		{
			"from": [0, 6, 0],
			"to": [4, 16, 16],
			"rotation": {"angle": 0, "axis": "y", "origin": [13, 17, 27]},
			"faces": {
				"north": {"uv": [1, 9.875, 1.25, 10.5], "rotation": 180, "texture": "#0"},
				"east": {"uv": [0, 9.875, 1, 10.5], "rotation": 270, "texture": "#0"},
				"south": {"uv": [2.25, 9.875, 2.5, 10.5], "texture": "#0"},
				"west": {"uv": [1.25, 9.875, 2.25, 10.5], "rotation": 90, "texture": "#0"},
				"up": {"uv": [1.25, 9.875, 1, 8.875], "rotation": 180, "texture": "#0"},
				"down": {"uv": [1.5, 8.875, 1.25, 9.875], "texture": "#0"}
			}
		},
		{
			"from": [-16, 0, -6],
			"to": [0, 3, 21],
			"rotation": {"angle": 0, "axis": "y", "origin": [7, 16, 6]},
			"faces": {
				"north": {"uv": [1.6875, 1.6875, 2.6875, 1.875], "texture": "#0"},
				"east": {"uv": [0, 1.6875, 1.6875, 1.875], "texture": "#0"},
				"south": {"uv": [4.375, 1.6875, 5.375, 1.875], "texture": "#0"},
				"west": {"uv": [2.6875, 1.6875, 4.375, 1.875], "texture": "#0"},
				"up": {"uv": [2.6875, 1.6875, 1.6875, 0], "texture": "#0"},
				"down": {"uv": [3.6875, 0, 2.6875, 1.6875], "texture": "#0"}
			}
		},
		{
			"from": [0, 0, -8],
			"to": [4, 3, 23],
			"rotation": {"angle": 0, "axis": "y", "origin": [23, 16, 6]},
			"faces": {
				"north": {"uv": [1.9375, 6.8125, 2.1875, 7], "texture": "#0"},
				"east": {"uv": [0, 6.8125, 1.9375, 7], "texture": "#0"},
				"south": {"uv": [4.125, 6.8125, 4.375, 7], "texture": "#0"},
				"west": {"uv": [2.1875, 6.8125, 4.125, 7], "texture": "#0"},
				"up": {"uv": [2.1875, 6.8125, 1.9375, 4.875], "texture": "#0"},
				"down": {"uv": [2.4375, 4.875, 2.1875, 6.8125], "texture": "#0"}
			}
		},
		{
			"from": [28, 0, -8],
			"to": [32, 3, 23],
			"rotation": {"angle": 0, "axis": "y", "origin": [51, 16, 6]},
			"faces": {
				"north": {"uv": [6.375, 6.8125, 6.625, 7], "texture": "#0"},
				"east": {"uv": [4.4375, 6.8125, 6.375, 7], "texture": "#0"},
				"south": {"uv": [8.5625, 6.8125, 8.8125, 7], "texture": "#0"},
				"west": {"uv": [6.625, 6.8125, 8.5625, 7], "texture": "#0"},
				"up": {"uv": [6.625, 6.8125, 6.375, 4.875], "texture": "#0"},
				"down": {"uv": [6.875, 4.875, 6.625, 6.8125], "texture": "#0"}
			}
		},
		{
			"from": [28, 3, -8],
			"to": [31, 6, 23],
			"rotation": {"angle": 0, "axis": "y", "origin": [51, 19, 6]},
			"faces": {
				"north": {"uv": [7.375, 1.9375, 7.5625, 2.125], "texture": "#0"},
				"east": {"uv": [5.4375, 1.9375, 7.375, 2.125], "texture": "#0"},
				"south": {"uv": [9.5, 1.9375, 9.6875, 2.125], "texture": "#0"},
				"west": {"uv": [7.5625, 1.9375, 9.5, 2.125], "texture": "#0"},
				"up": {"uv": [7.5625, 1.9375, 7.375, 0], "texture": "#0"},
				"down": {"uv": [7.75, 0, 7.5625, 1.9375], "texture": "#0"}
			}
		},
		{
			"from": [28, 6, 1],
			"to": [30, 21, 15],
			"rotation": {"angle": 0, "axis": "y", "origin": [51, 22, 5]},
			"faces": {
				"north": {"uv": [9.75, 5.6875, 9.875, 6.625], "texture": "#0"},
				"east": {"uv": [8.875, 5.6875, 9.75, 6.625], "texture": "#0"},
				"south": {"uv": [10.75, 5.6875, 10.875, 6.625], "texture": "#0"},
				"west": {"uv": [9.875, 5.6875, 10.75, 6.625], "texture": "#0"},
				"up": {"uv": [9.875, 5.6875, 9.75, 4.8125], "texture": "#0"},
				"down": {"uv": [10, 4.8125, 9.875, 5.6875], "texture": "#0"}
			}
		},
		{
			"from": [2, 19, 1],
			"to": [4, 21, 15],
			"rotation": {"angle": 0, "axis": "y", "origin": [24, 22, 5]},
			"faces": {
				"north": {"uv": [10.625, 0.875, 10.75, 1], "texture": "#0"},
				"east": {"uv": [9.75, 0.875, 10.625, 1], "texture": "#0"},
				"south": {"uv": [11.625, 0.875, 11.75, 1], "texture": "#0"},
				"west": {"uv": [10.75, 0.875, 11.625, 1], "texture": "#0"},
				"up": {"uv": [10.75, 0.875, 10.625, 0], "texture": "#0"},
				"down": {"uv": [10.875, 0, 10.75, 0.875], "texture": "#0"}
			}
		},
		{
			"from": [0, 3, -5],
			"to": [4, 6, 20],
			"rotation": {"angle": 0, "axis": "y", "origin": [23, 19, 6]},
			"faces": {
				"north": {"uv": [1.5625, 8.625, 1.8125, 8.8125], "texture": "#0"},
				"east": {"uv": [0, 8.625, 1.5625, 8.8125], "texture": "#0"},
				"south": {"uv": [3.375, 8.625, 3.625, 8.8125], "texture": "#0"},
				"west": {"uv": [1.8125, 8.625, 3.375, 8.8125], "texture": "#0"},
				"up": {"uv": [1.8125, 8.625, 1.5625, 7.0625], "texture": "#0"},
				"down": {"uv": [2.0625, 7.0625, 1.8125, 8.625], "texture": "#0"}
			}
		},
		{
			"from": [1, 3, 20],
			"to": [4, 6, 23],
			"rotation": {"angle": 0, "axis": "y", "origin": [23, 19, 10]},
			"faces": {
				"north": {"uv": [5.6875, 9.25, 5.875, 9.4375], "texture": "#0"},
				"east": {"uv": [5.5, 9.25, 5.6875, 9.4375], "texture": "#0"},
				"south": {"uv": [6.0625, 9.25, 6.25, 9.4375], "texture": "#0"},
				"west": {"uv": [5.875, 9.25, 6.0625, 9.4375], "texture": "#0"},
				"up": {"uv": [5.875, 9.25, 5.6875, 9.0625], "texture": "#0"},
				"down": {"uv": [6.0625, 9.0625, 5.875, 9.25], "texture": "#0"}
			}
		},
		{
			"from": [1, 3, -8],
			"to": [4, 6, -5],
			"rotation": {"angle": 0, "axis": "y", "origin": [23, 19, -17]},
			"faces": {
				"north": {"uv": [6.5, 9.25, 6.6875, 9.4375], "texture": "#0"},
				"east": {"uv": [6.3125, 9.25, 6.5, 9.4375], "texture": "#0"},
				"south": {"uv": [6.875, 9.25, 7.0625, 9.4375], "texture": "#0"},
				"west": {"uv": [6.6875, 9.25, 6.875, 9.4375], "texture": "#0"},
				"up": {"uv": [6.6875, 9.25, 6.5, 9.0625], "texture": "#0"},
				"down": {"uv": [6.875, 9.0625, 6.6875, 9.25], "texture": "#0"}
			}
		},
		{
			"from": [0.01104, 0, 23.01497],
			"to": [32, 3, 27],
			"rotation": {"angle": 0, "axis": "y", "origin": [18, 16, 19]},
			"faces": {
				"north": {"uv": [3.875, 7.25, 5.8125, 7.4375], "texture": "#0"},
				"east": {"uv": [3.6875, 7.25, 3.875, 7.4375], "texture": "#0"},
				"south": {"uv": [6, 7.25, 7.9375, 7.4375], "texture": "#0"},
				"west": {"uv": [5.8125, 7.25, 6, 7.4375], "texture": "#0"},
				"up": {"uv": [5.8125, 7.25, 3.875, 7.0625], "rotation": 270, "texture": "#0"},
				"down": {"uv": [7.75, 7.0625, 5.8125, 7.25], "rotation": 90, "texture": "#0"}
			}
		},
		{
			"from": [1.01104, 3, 23.01497],
			"to": [31, 6, 26],
			"rotation": {"angle": 0, "axis": "y", "origin": [18, 19, 18]},
			"faces": {
				"north": {"uv": [8.125, 7.1875, 9.9375, 7.375], "texture": "#0"},
				"east": {"uv": [8, 7.1875, 8.125, 7.375], "texture": "#0"},
				"south": {"uv": [10.0625, 7.1875, 11.875, 7.375], "texture": "#0"},
				"west": {"uv": [9.9375, 7.1875, 10.0625, 7.375], "texture": "#0"},
				"up": {"uv": [9.9375, 7.1875, 8.125, 7.0625], "rotation": 270, "texture": "#0"},
				"down": {"uv": [11.75, 7.0625, 9.9375, 7.1875], "rotation": 90, "texture": "#0"}
			}
		},
		{
			"from": [1.01104, 21, 0.01497],
			"to": [31, 23, 16],
			"rotation": {"angle": 0, "axis": "y", "origin": [18, 29, 2]},
			"faces": {
				"north": {"uv": [0.9375, 4.6875, 2.75, 4.8125], "texture": "#0"},
				"east": {"uv": [0, 4.6875, 0.9375, 4.8125], "texture": "#0"},
				"south": {"uv": [3.6875, 4.6875, 5.5, 4.8125], "texture": "#0"},
				"west": {"uv": [2.75, 4.6875, 3.6875, 4.8125], "texture": "#0"},
				"up": {"uv": [2.75, 4.6875, 0.9375, 3.75], "rotation": 270, "texture": "#0"},
				"down": {"uv": [4.5625, 3.75, 2.75, 4.6875], "rotation": 90, "texture": "#0"}
			}
		},
		{
			"from": [8.01104, 16, 0.01497],
			"to": [24.1, 20, 16],
			"rotation": {"angle": 0, "axis": "y", "origin": [18, 26, 2]},
			"faces": {
				"north": {"uv": [6.5, 4.5, 7.5, 4.75], "texture": "#0"},
				"east": {"uv": [5.5625, 4.5, 6.5, 4.75], "texture": "#0"},
				"south": {"uv": [8.4375, 4.5, 9.4375, 4.75], "texture": "#0"},
				"west": {"uv": [7.5, 4.5, 8.4375, 4.75], "texture": "#0"},
				"up": {"uv": [7.5, 4.5, 6.5, 3.5625], "rotation": 270, "texture": "#0"},
				"down": {"uv": [8.5, 3.5625, 7.5, 4.5], "rotation": 90, "texture": "#0"}
			}
		},
		{
			"from": [13.01104, 20, 4.01497],
			"to": [19.1, 21, 11],
			"rotation": {"angle": 0, "axis": "y", "origin": [18, 27, 2]},
			"faces": {
				"north": {"uv": [8.375, 7.8125, 8.75, 7.875], "texture": "#0"},
				"east": {"uv": [8, 7.8125, 8.375, 7.875], "texture": "#0"},
				"south": {"uv": [9.125, 7.8125, 9.5, 7.875], "texture": "#0"},
				"west": {"uv": [8.75, 7.8125, 9.125, 7.875], "texture": "#0"},
				"up": {"uv": [8.75, 7.8125, 8.375, 7.4375], "rotation": 270, "texture": "#0"},
				"down": {"uv": [9.125, 7.4375, 8.75, 7.8125], "rotation": 90, "texture": "#0"}
			}
		},
		{
			"from": [9.01104, 12, 1.01497],
			"to": [23.1, 16, 15],
			"rotation": {"angle": 0, "axis": "y", "origin": [18, 22, 2]},
			"faces": {
				"north": {"uv": [4.5, 8.75, 5.375, 9], "texture": "#0"},
				"east": {"uv": [3.6875, 8.75, 4.5, 9], "texture": "#0"},
				"south": {"uv": [6.1875, 8.75, 7.0625, 9], "texture": "#0"},
				"west": {"uv": [5.375, 8.75, 6.1875, 9], "texture": "#0"},
				"up": {"uv": [5.375, 8.75, 4.5, 7.9375], "rotation": 270, "texture": "#0"},
				"down": {"uv": [6.25, 7.9375, 5.375, 8.75], "rotation": 90, "texture": "#0"}
			}
		},
		{
			"from": [10.01104, 8, 2.01497],
			"to": [22.1, 12, 14],
			"rotation": {"angle": 0, "axis": "y", "origin": [18, 18, 2]},
			"faces": {
				"north": {"uv": [3.25, 9.75, 4, 10], "texture": "#0"},
				"east": {"uv": [2.5625, 9.75, 3.25, 10], "texture": "#0"},
				"south": {"uv": [4.6875, 9.75, 5.4375, 10], "texture": "#0"},
				"west": {"uv": [4, 9.75, 4.6875, 10], "texture": "#0"},
				"up": {"uv": [4, 9.75, 3.25, 9.0625], "rotation": 270, "texture": "#0"},
				"down": {"uv": [4.75, 9.0625, 4, 9.75], "rotation": 90, "texture": "#0"}
			}
		},
		{
			"from": [11.01104, 4, 3.01497],
			"to": [21, 8, 13],
			"rotation": {"angle": 0, "axis": "y", "origin": [18, 14, 2]},
			"faces": {
				"north": {"uv": [10.0625, 4.125, 10.625, 4.375], "texture": "#0"},
				"east": {"uv": [9.5, 4.125, 10.0625, 4.375], "texture": "#0"},
				"south": {"uv": [11.1875, 4.125, 11.75, 4.375], "texture": "#0"},
				"west": {"uv": [10.625, 4.125, 11.1875, 4.375], "texture": "#0"},
				"up": {"uv": [10.625, 4.125, 10.0625, 3.5625], "rotation": 270, "texture": "#0"},
				"down": {"uv": [11.1875, 3.5625, 10.625, 4.125], "rotation": 90, "texture": "#0"}
			}
		},
		{
			"from": [12.01104, 0, 4.01497],
			"to": [20, 4, 12],
			"rotation": {"angle": 0, "axis": "y", "origin": [18, 10, 2]},
			"faces": {
				"north": {"uv": [10.1875, 3.125, 10.625, 3.375], "texture": "#0"},
				"east": {"uv": [9.75, 3.125, 10.1875, 3.375], "texture": "#0"},
				"south": {"uv": [11.0625, 3.125, 11.5, 3.375], "texture": "#0"},
				"west": {"uv": [10.625, 3.125, 11.0625, 3.375], "texture": "#0"},
				"up": {"uv": [10.625, 3.125, 10.1875, 2.6875], "rotation": 270, "texture": "#0"},
				"down": {"uv": [11.0625, 2.6875, 10.625, 3.125], "rotation": 90, "texture": "#0"}
			}
		},
		{
			"from": [15.01104, 3, 7.01497],
			"to": [17, 7, 9],
			"rotation": {"angle": 0, "axis": "y", "origin": [18, 13, 2]},
			"faces": {
				"north": {"uv": [8.9375, 6.75, 9, 7], "texture": "#0"},
				"east": {"uv": [8.875, 6.75, 8.9375, 7], "texture": "#0"},
				"south": {"uv": [9.0625, 6.75, 9.125, 7], "texture": "#0"},
				"west": {"uv": [9, 6.75, 9.0625, 7], "texture": "#0"},
				"up": {"uv": [9, 6.75, 8.9375, 6.6875], "rotation": 270, "texture": "#0"},
				"down": {"uv": [9.0625, 6.6875, 9, 6.75], "rotation": 90, "texture": "#0"}
			}
		},
		{
			"from": [0.01104, 0, -11.98503],
			"to": [32, 3, -8],
			"rotation": {"angle": 0, "axis": "y", "origin": [18, 16, -16]},
			"faces": {
				"north": {"uv": [3.875, 7.6875, 5.8125, 7.875], "texture": "#0"},
				"east": {"uv": [3.6875, 7.6875, 3.875, 7.875], "texture": "#0"},
				"south": {"uv": [6, 7.6875, 7.9375, 7.875], "texture": "#0"},
				"west": {"uv": [5.8125, 7.6875, 6, 7.875], "texture": "#0"},
				"up": {"uv": [5.8125, 7.6875, 3.875, 7.5], "rotation": 270, "texture": "#0"},
				"down": {"uv": [7.75, 7.5, 5.8125, 7.6875], "rotation": 90, "texture": "#0"}
			}
		},
		{
			"from": [1.01104, 3, -10.98503],
			"to": [31.1, 6, -8],
			"rotation": {"angle": 0, "axis": "y", "origin": [18, 19, -15]},
			"faces": {
				"north": {"uv": [7.25, 8.0625, 9.125, 8.25], "texture": "#0"},
				"east": {"uv": [7.125, 8.0625, 7.25, 8.25], "texture": "#0"},
				"south": {"uv": [9.25, 8.0625, 11.125, 8.25], "texture": "#0"},
				"west": {"uv": [9.125, 8.0625, 9.25, 8.25], "texture": "#0"},
				"up": {"uv": [9.125, 8.0625, 7.25, 7.9375], "rotation": 270, "texture": "#0"},
				"down": {"uv": [11, 7.9375, 9.125, 8.0625], "rotation": 90, "texture": "#0"}
			}
		}
	],
	"display": {
		"thirdperson_righthand": {
			"rotation": [73, 0, 0],
			"translation": [0.25, 1.25, 0],
			"scale": [0, 0, 1]
		},
		"thirdperson_lefthand": {
			"rotation": [60, 0, 0],
			"scale": [0.25, 0.25, 0.25]
		},
		"firstperson_righthand": {
			"translation": [49, -33, -55.25]
		},
		"firstperson_lefthand": {
			"translation": [42, -23, -44.25]
		},
		"ground": {
			"scale": [0.5, 0.5, 0.5]
		},
		"gui": {
			"rotation": [5, 0, 23],
			"translation": [0, -1.25, 0],
			"scale": [0.34, 0.47, 0.54]
		},
		"head": {
			"translation": [0, 8.25, 0],
			"scale": [0.25, 0.25, 0.25]
		},
		"fixed": {
			"rotation": [-90, 0, 0],
			"translation": [0, 0, -4],
			"scale": [0.5, 0.5, 0.5]
		}
	},
	"groups": [
		{
			"name": "base",
			"origin": [7, 0, 6],
			"color": 0,
			"children": [0, 1, 2, 3, 4, 5, 6, 7, 8, 9, 10, 11, 12, 13, 14, 15, 16, 17, 18, 19, 20, 21, 22, 23, 24, 25, 26]
		},
		{
			"name": "acacia_button",
			"origin": [8, 8, 8],
			"color": 0,
			"children": []
		}
	]
}