{
	"credit": "Made with Blockbench",
	"texture_size": [256, 256],
	"textures": {
		"0": "factory:item/smelter",
		"particle": "factory:item/smelter"
	},
	"elements": [
		{
			"from": [-16, 0, -12],
			"to": [32, 5, 28],
			"faces": {
				"north": {"uv": [2.5, 2.5, 5.5, 2.8125], "texture": "#0"},
				"east": {"uv": [0, 2.5, 2.5, 2.8125], "texture": "#0"},
				"south": {"uv": [8, 2.5, 11, 2.8125], "texture": "#0"},
				"west": {"uv": [5.5, 2.5, 8, 2.8125], "texture": "#0"},
				"up": {"uv": [5.5, 2.5, 2.5, 0], "texture": "#0"},
				"down": {"uv": [8.5, 0, 5.5, 2.5], "texture": "#0"}
			}
		},
		{
			"from": [26, 5, 0],
			"to": [28, 17, 16],
			"rotation": {"angle": 0, "axis": "y", "origin": [26, 5, 0]},
			"faces": {
				"north": {"uv": [3.3125, 5.0625, 3.4375, 5.8125], "texture": "#0"},
				"east": {"uv": [2.3125, 5.0625, 3.3125, 5.8125], "texture": "#0"},
				"south": {"uv": [4.4375, 5.0625, 4.5625, 5.8125], "texture": "#0"},
				"west": {"uv": [3.4375, 5.0625, 4.4375, 5.8125], "texture": "#0"},
				"up": {"uv": [3.4375, 5.0625, 3.3125, 4.0625], "texture": "#0"},
				"down": {"uv": [3.5625, 4.0625, 3.4375, 5.0625], "texture": "#0"}
			}
		},
		{
			"from": [17, 5, -2],
			"to": [32, 19, 0],
			"rotation": {"angle": 0, "axis": "y", "origin": [30, 5, -2]},
			"faces": {
				"north": {"uv": [4.75, 4.1875, 5.6875, 5.0625], "texture": "#0"},
				"east": {"uv": [4.625, 4.1875, 4.75, 5.0625], "texture": "#0"},
				"south": {"uv": [5.8125, 4.1875, 6.75, 5.0625], "texture": "#0"},
				"west": {"uv": [5.6875, 4.1875, 5.8125, 5.0625], "texture": "#0"},
				"up": {"uv": [5.6875, 4.1875, 4.75, 4.0625], "texture": "#0"},
				"down": {"uv": [6.625, 4.0625, 5.6875, 4.1875], "texture": "#0"}
			}
		},
		{
			"from": [17, 17, 0],
			"to": [32, 19, 16],
			"rotation": {"angle": 0, "axis": "y", "origin": [30, 5, 0]},
			"faces": {
				"north": {"uv": [1, 3.875, 1.9375, 4], "texture": "#0"},
				"east": {"uv": [0, 3.875, 1, 4], "texture": "#0"},
				"south": {"uv": [2.9375, 3.875, 3.875, 4], "texture": "#0"},
				"west": {"uv": [1.9375, 3.875, 2.9375, 4], "texture": "#0"},
				"up": {"uv": [1.9375, 3.875, 1, 2.875], "texture": "#0"},
				"down": {"uv": [2.875, 2.875, 1.9375, 3.875], "texture": "#0"}
			}
		},
		{
			"from": [-16, 5, -2],
			"to": [-1, 19, 0],
			"rotation": {"angle": 0, "axis": "y", "origin": [-3, 5, -2]},
			"faces": {
				"north": {"uv": [4.75, 5.25, 5.6875, 6.125], "texture": "#0"},
				"east": {"uv": [4.625, 5.25, 4.75, 6.125], "texture": "#0"},
				"south": {"uv": [5.8125, 5.25, 6.75, 6.125], "texture": "#0"},
				"west": {"uv": [5.6875, 5.25, 5.8125, 6.125], "texture": "#0"},
				"up": {"uv": [5.6875, 5.25, 4.75, 5.125], "texture": "#0"},
				"down": {"uv": [6.625, 5.125, 5.6875, 5.25], "texture": "#0"}
			}
		},
		{
			"from": [-12, 5, 0],
			"to": [-10, 17, 16],
			"rotation": {"angle": 0, "axis": "y", "origin": [-12, 5, 0]},
			"faces": {
				"north": {"uv": [1, 5.0625, 1.125, 5.8125], "texture": "#0"},
				"east": {"uv": [0, 5.0625, 1, 5.8125], "texture": "#0"},
				"south": {"uv": [2.125, 5.0625, 2.25, 5.8125], "texture": "#0"},
				"west": {"uv": [1.125, 5.0625, 2.125, 5.8125], "texture": "#0"},
				"up": {"uv": [1.125, 5.0625, 1, 4.0625], "texture": "#0"},
				"down": {"uv": [1.25, 4.0625, 1.125, 5.0625], "texture": "#0"}
			}
		},
		{
			"from": [-16, 5, 16],
			"to": [-1, 19, 18],
			"rotation": {"angle": 0, "axis": "y", "origin": [-3, 5, 16]},
			"faces": {
				"north": {"uv": [0.125, 6, 1.0625, 6.875], "texture": "#0"},
				"east": {"uv": [0, 6, 0.125, 6.875], "texture": "#0"},
				"south": {"uv": [1.1875, 6, 2.125, 6.875], "texture": "#0"},
				"west": {"uv": [1.0625, 6, 1.1875, 6.875], "texture": "#0"},
				"up": {"uv": [1.0625, 6, 0.125, 5.875], "texture": "#0"},
				"down": {"uv": [2, 5.875, 1.0625, 6], "texture": "#0"}
			}
		},
		{
			"from": [-16, 17, 0],
			"to": [-1, 19, 16],
			"rotation": {"angle": 0, "axis": "y", "origin": [-3, 5, 0]},
			"faces": {
				"north": {"uv": [4.9375, 3.875, 5.875, 4], "texture": "#0"},
				"east": {"uv": [3.9375, 3.875, 4.9375, 4], "texture": "#0"},
				"south": {"uv": [6.875, 3.875, 7.8125, 4], "texture": "#0"},
				"west": {"uv": [5.875, 3.875, 6.875, 4], "texture": "#0"},
				"up": {"uv": [5.875, 3.875, 4.9375, 2.875], "texture": "#0"},
				"down": {"uv": [6.8125, 2.875, 5.875, 3.875], "texture": "#0"}
			}
		},
		{
			"from": [17, 5, 16],
			"to": [32, 19, 18],
			"rotation": {"angle": 0, "axis": "y", "origin": [30, 5, 16]},
			"faces": {
				"north": {"uv": [2.3125, 6, 3.25, 6.875], "texture": "#0"},
				"east": {"uv": [2.1875, 6, 2.3125, 6.875], "texture": "#0"},
				"south": {"uv": [3.375, 6, 4.3125, 6.875], "texture": "#0"},
				"west": {"uv": [3.25, 6, 3.375, 6.875], "texture": "#0"},
				"up": {"uv": [3.25, 6, 2.3125, 5.875], "texture": "#0"},
				"down": {"uv": [4.1875, 5.875, 3.25, 6], "texture": "#0"}
			}
		}
	],
	"groups": [
		{
			"name": "foundation",
			"origin": [8, 8, 8],
			"color": 0,
			"children": [0, 1, 2, 3, 4, 5, 6, 7, 8]
		}
	]
}