{
	"credit": "Made with Blockbench",
	"texture_size": [256, 256],
	"textures": {
		"0": "factory:item/smelter-1",
		"1": "factory:item/smelter-2",
		"particle": "factory:item/smelter-1"
	},
	"elements": [
		{
			"from": [-12, 0, -16],
			"to": [28, 5, 32],
			"rotation": {"angle": 0, "axis": "y", "origin": [8, 0, 8]},
			"faces": {
				"north": {"uv": [3, 3, 5.5, 3.3125], "texture": "#0"},
				"east": {"uv": [0, 3, 3, 3.3125], "texture": "#0"},
				"south": {"uv": [8.5, 3, 11, 3.3125], "texture": "#0"},
				"west": {"uv": [5.5, 3, 8.5, 3.3125], "texture": "#0"},
				"up": {"uv": [5.5, 3, 3, 0], "texture": "#0"},
				"down": {"uv": [8, 0, 5.5, 3], "texture": "#0"}
			}
		},
		{
			"from": [0, 5, -12],
			"to": [16, 17, -10],
			"rotation": {"angle": 0, "axis": "y", "origin": [8, 5, 8]},
			"faces": {
				"north": {"uv": [0.125, 4.0625, 1.125, 4.8125], "texture": "#0"},
				"east": {"uv": [0, 4.0625, 0.125, 4.8125], "texture": "#0"},
				"south": {"uv": [1.25, 4.0625, 2.25, 4.8125], "texture": "#0"},
				"west": {"uv": [1.125, 4.0625, 1.25, 4.8125], "texture": "#0"},
				"up": {"uv": [1.125, 4.0625, 0.125, 3.9375], "texture": "#0"},
				"down": {"uv": [2.125, 3.9375, 1.125, 4.0625], "texture": "#0"}
			}
		},
		{
			"from": [-2, 5, -16],
			"to": [0, 19, -10],
			"rotation": {"angle": 0, "axis": "y", "origin": [8, 5, 8]},
			"faces": {
				"north": {"uv": [5, 4.3125, 5.125, 5.1875], "texture": "#0"},
				"east": {"uv": [4.625, 4.3125, 5, 5.1875], "texture": "#0"},
				"south": {"uv": [5.5, 4.3125, 5.625, 5.1875], "texture": "#0"},
				"west": {"uv": [5.125, 4.3125, 5.5, 5.1875], "texture": "#0"},
				"up": {"uv": [5.125, 4.3125, 5, 3.9375], "texture": "#0"},
				"down": {"uv": [5.25, 3.9375, 5.125, 4.3125], "texture": "#0"}
			}
		},
		{
			"from": [0, 17, -16],
			"to": [16, 19, -10],
			"rotation": {"angle": 0, "axis": "y", "origin": [8, 5, 8]},
			"faces": {
				"north": {"uv": [0.375, 3.75, 1.375, 3.875], "texture": "#0"},
				"east": {"uv": [0, 3.75, 0.375, 3.875], "texture": "#0"},
				"south": {"uv": [1.75, 3.75, 2.75, 3.875], "texture": "#0"},
				"west": {"uv": [1.375, 3.75, 1.75, 3.875], "texture": "#0"},
				"up": {"uv": [1.375, 3.75, 0.375, 3.375], "texture": "#0"},
				"down": {"uv": [2.375, 3.375, 1.375, 3.75], "texture": "#0"}
			}
		},
		{
			"from": [-2, 5, 26],
			"to": [0, 19, 32],
			"rotation": {"angle": 0, "axis": "y", "origin": [8, 5, 8]},
			"faces": {
				"north": {"uv": [0.375, 5.25, 0.5, 6.125], "texture": "#0"},
				"east": {"uv": [0, 5.25, 0.375, 6.125], "texture": "#0"},
				"south": {"uv": [0.875, 5.25, 1, 6.125], "texture": "#0"},
				"west": {"uv": [0.5, 5.25, 0.875, 6.125], "texture": "#0"},
				"up": {"uv": [0.5, 5.25, 0.375, 4.875], "texture": "#0"},
				"down": {"uv": [0.625, 4.875, 0.5, 5.25], "texture": "#0"}
			}
		},
		{
			"from": [0, 5, 26],
			"to": [16, 17, 28],
			"rotation": {"angle": 0, "axis": "y", "origin": [8, 5, 8]},
			"faces": {
				"north": {"uv": [2.4375, 4.0625, 3.4375, 4.8125], "texture": "#0"},
				"east": {"uv": [2.3125, 4.0625, 2.4375, 4.8125], "texture": "#0"},
				"south": {"uv": [3.5625, 4.0625, 4.5625, 4.8125], "texture": "#0"},
				"west": {"uv": [3.4375, 4.0625, 3.5625, 4.8125], "texture": "#0"},
				"up": {"uv": [3.4375, 4.0625, 2.4375, 3.9375], "texture": "#0"},
				"down": {"uv": [4.4375, 3.9375, 3.4375, 4.0625], "texture": "#0"}
			}
		},
		{
			"from": [16, 5, 26],
			"to": [18, 19, 32],
			"rotation": {"angle": 0, "axis": "y", "origin": [8, 5, 8]},
			"faces": {
				"north": {"uv": [1.4375, 5.25, 1.5625, 6.125], "texture": "#0"},
				"east": {"uv": [1.0625, 5.25, 1.4375, 6.125], "texture": "#0"},
				"south": {"uv": [1.9375, 5.25, 2.0625, 6.125], "texture": "#0"},
				"west": {"uv": [1.5625, 5.25, 1.9375, 6.125], "texture": "#0"},
				"up": {"uv": [1.5625, 5.25, 1.4375, 4.875], "texture": "#0"},
				"down": {"uv": [1.6875, 4.875, 1.5625, 5.25], "texture": "#0"}
			}
		},
		{
			"from": [0, 17, 26],
			"to": [16, 19, 32],
			"rotation": {"angle": 0, "axis": "y", "origin": [8, 5, 8]},
			"faces": {
				"north": {"uv": [3.1875, 3.75, 4.1875, 3.875], "texture": "#0"},
				"east": {"uv": [2.8125, 3.75, 3.1875, 3.875], "texture": "#0"},
				"south": {"uv": [4.5625, 3.75, 5.5625, 3.875], "texture": "#0"},
				"west": {"uv": [4.1875, 3.75, 4.5625, 3.875], "texture": "#0"},
				"up": {"uv": [4.1875, 3.75, 3.1875, 3.375], "texture": "#0"},
				"down": {"uv": [5.1875, 3.375, 4.1875, 3.75], "texture": "#0"}
			}
		},
		{
			"from": [16, 5, -16],
			"to": [18, 19, -10],
			"rotation": {"angle": 0, "axis": "y", "origin": [8, 5, 8]},
			"faces": {
				"north": {"uv": [2.5, 5.25, 2.625, 6.125], "texture": "#0"},
				"east": {"uv": [2.125, 5.25, 2.5, 6.125], "texture": "#0"},
				"south": {"uv": [3, 5.25, 3.125, 6.125], "texture": "#0"},
				"west": {"uv": [2.625, 5.25, 3, 6.125], "texture": "#0"},
				"up": {"uv": [2.625, 5.25, 2.5, 4.875], "texture": "#0"},
				"down": {"uv": [2.75, 4.875, 2.625, 5.25], "texture": "#0"}
			}
		},
		{
			"from": [-8, 5, -10],
			"to": [24, 32, 26],
			"rotation": {"angle": 0, "axis": "y", "origin": [0, 5, 0]},
			"faces": {
				"north": {"uv": [2.25, 2.25, 4.25, 3.9375], "texture": "#1"},
				"east": {"uv": [0, 2.25, 2.25, 3.9375], "texture": "#1"},
				"south": {"uv": [6.5, 2.25, 8.5, 3.9375], "texture": "#1"},
				"west": {"uv": [4.25, 2.25, 6.5, 3.9375], "texture": "#1"},
				"up": {"uv": [4.25, 2.25, 2.25, 0], "texture": "#1"},
				"down": {"uv": [6.25, 0, 4.25, 2.25], "texture": "#1"}
			}
		}
	],
	"groups": [
		{
			"name": "foundation",
			"origin": [8, 8, 8],
			"color": 0,
			"children": [0, 1, 2, 3, 4, 5, 6, 7, 8]
		},
		{
			"name": "the top",
			"origin": [8, 0, 8],
			"color": 0,
			"children": [9]
		}
	]
}